"","SNP","chr","pos","beta.outcome","se.outcome","samplesize.outcome","pval.outcome","eaf.outcome","effect_allele.outcome","other_allele.outcome","outcome","id.outcome","originalname.outcome","outcome.deprecated","mr_keep.outcome","data_source.outcome"
"1","rs4777927","15","94142630",0.000271189,0.000169305,463010,0.11,0.673352,"C","T","Diagnoses - secondary ICD10: Z88.8 Personal history of allergy to other drugs, medicaments and biological substances || id:ukb-b-4601","ukb-b-4601","Diagnoses - secondary ICD10: Z88.8 Personal history of allergy to other drugs, medicaments and biological substances","Diagnoses - secondary ICD10: Z88.8 Personal history of allergy to other drugs, medicaments and biological substances ||  || ",TRUE,"igd"
"2","rs4901725","14","57142910",-0.000123199,0.000164225,463010,0.450001,0.636875,"T","C","Diagnoses - secondary ICD10: Z88.8 Personal history of allergy to other drugs, medicaments and biological substances || id:ukb-b-4601","ukb-b-4601","Diagnoses - secondary ICD10: Z88.8 Personal history of allergy to other drugs, medicaments and biological substances","Diagnoses - secondary ICD10: Z88.8 Personal history of allergy to other drugs, medicaments and biological substances ||  || ",TRUE,"igd"
"3","rs1376236","1","106677510",0.000136239,0.00145384,462013,0.93,0.099892,"C","A","Blood clot, DVT, bronchitis, emphysema, asthma, rhinitis, eczema, allergy diagnosed by doctor: Hayfever, allergic rhinitis or eczema || id:ukb-b-17241","ukb-b-17241","Blood clot, DVT, bronchitis, emphysema, asthma, rhinitis, eczema, allergy diagnosed by doctor: Hayfever, allergic rhinitis or eczema","Blood clot, DVT, bronchitis, emphysema, asthma, rhinitis, eczema, allergy diagnosed by doctor: Hayfever, allergic rhinitis or eczema ||  || ",TRUE,"igd"
"4","rs1376235","1","106677373",0.000153556,0.00145462,462013,0.92,0.099714,"G","C","Blood clot, DVT, bronchitis, emphysema, asthma, rhinitis, eczema, allergy diagnosed by doctor: Hayfever, allergic rhinitis or eczema || id:ukb-b-17241","ukb-b-17241","Blood clot, DVT, bronchitis, emphysema, asthma, rhinitis, eczema, allergy diagnosed by doctor: Hayfever, allergic rhinitis or eczema","Blood clot, DVT, bronchitis, emphysema, asthma, rhinitis, eczema, allergy diagnosed by doctor: Hayfever, allergic rhinitis or eczema ||  || ",TRUE,"igd"
"5","rs498018","11","95024932",0.000615283,0.000891315,462013,0.49,0.389558,"T","G","Blood clot, DVT, bronchitis, emphysema, asthma, rhinitis, eczema, allergy diagnosed by doctor: Hayfever, allergic rhinitis or eczema || id:ukb-b-17241","ukb-b-17241","Blood clot, DVT, bronchitis, emphysema, asthma, rhinitis, eczema, allergy diagnosed by doctor: Hayfever, allergic rhinitis or eczema","Blood clot, DVT, bronchitis, emphysema, asthma, rhinitis, eczema, allergy diagnosed by doctor: Hayfever, allergic rhinitis or eczema ||  || ",TRUE,"igd"
"6","rs10507725","13","66360155",0.00114087,0.0016021,462013,0.48,0.083419,"A","C","Blood clot, DVT, bronchitis, emphysema, asthma, rhinitis, eczema, allergy diagnosed by doctor: Hayfever, allergic rhinitis or eczema || id:ukb-b-17241","ukb-b-17241","Blood clot, DVT, bronchitis, emphysema, asthma, rhinitis, eczema, allergy diagnosed by doctor: Hayfever, allergic rhinitis or eczema","Blood clot, DVT, bronchitis, emphysema, asthma, rhinitis, eczema, allergy diagnosed by doctor: Hayfever, allergic rhinitis or eczema ||  || ",TRUE,"igd"
"7","rs1376236","1","106677510",0.000109229,0.000449558,462013,0.81,0.099892,"C","A","Blood clot, DVT, bronchitis, emphysema, asthma, rhinitis, eczema, allergy diagnosed by doctor: Emphysema/chronic bronchitis || id:ukb-b-16207","ukb-b-16207","Blood clot, DVT, bronchitis, emphysema, asthma, rhinitis, eczema, allergy diagnosed by doctor: Emphysema/chronic bronchitis","Blood clot, DVT, bronchitis, emphysema, asthma, rhinitis, eczema, allergy diagnosed by doctor: Emphysema/chronic bronchitis ||  || ",TRUE,"igd"
"8","rs2866194","4","101100658",0.000171556,0.00029381,462013,0.56,0.693825,"A","G","Blood clot, DVT, bronchitis, emphysema, asthma, rhinitis, eczema, allergy diagnosed by doctor: Emphysema/chronic bronchitis || id:ukb-b-16207","ukb-b-16207","Blood clot, DVT, bronchitis, emphysema, asthma, rhinitis, eczema, allergy diagnosed by doctor: Emphysema/chronic bronchitis","Blood clot, DVT, bronchitis, emphysema, asthma, rhinitis, eczema, allergy diagnosed by doctor: Emphysema/chronic bronchitis ||  || ",TRUE,"igd"
"9","rs11880147","19","18042945",0.000113412,0.000336231,462013,0.74,0.199041,"G","A","Blood clot, DVT, bronchitis, emphysema, asthma, rhinitis, eczema, allergy diagnosed by doctor: Emphysema/chronic bronchitis || id:ukb-b-16207","ukb-b-16207","Blood clot, DVT, bronchitis, emphysema, asthma, rhinitis, eczema, allergy diagnosed by doctor: Emphysema/chronic bronchitis","Blood clot, DVT, bronchitis, emphysema, asthma, rhinitis, eczema, allergy diagnosed by doctor: Emphysema/chronic bronchitis ||  || ",TRUE,"igd"
"10","rs11831423","12","92050203",-0.000674963,0.000400973,462013,0.0920005,0.128912,"A","C","Blood clot, DVT, bronchitis, emphysema, asthma, rhinitis, eczema, allergy diagnosed by doctor: Emphysema/chronic bronchitis || id:ukb-b-16207","ukb-b-16207","Blood clot, DVT, bronchitis, emphysema, asthma, rhinitis, eczema, allergy diagnosed by doctor: Emphysema/chronic bronchitis","Blood clot, DVT, bronchitis, emphysema, asthma, rhinitis, eczema, allergy diagnosed by doctor: Emphysema/chronic bronchitis ||  || ",TRUE,"igd"
"11","rs498018","11","95024932",0.000105348,0.000275433,462013,0.7,0.389558,"T","G","Blood clot, DVT, bronchitis, emphysema, asthma, rhinitis, eczema, allergy diagnosed by doctor: Emphysema/chronic bronchitis || id:ukb-b-16207","ukb-b-16207","Blood clot, DVT, bronchitis, emphysema, asthma, rhinitis, eczema, allergy diagnosed by doctor: Emphysema/chronic bronchitis","Blood clot, DVT, bronchitis, emphysema, asthma, rhinitis, eczema, allergy diagnosed by doctor: Emphysema/chronic bronchitis ||  || ",TRUE,"igd"
"12","rs1346183","4","37115329",-5.17903e-05,0.000426125,462013,0.9,0.112154,"C","T","Blood clot, DVT, bronchitis, emphysema, asthma, rhinitis, eczema, allergy diagnosed by doctor: Emphysema/chronic bronchitis || id:ukb-b-16207","ukb-b-16207","Blood clot, DVT, bronchitis, emphysema, asthma, rhinitis, eczema, allergy diagnosed by doctor: Emphysema/chronic bronchitis","Blood clot, DVT, bronchitis, emphysema, asthma, rhinitis, eczema, allergy diagnosed by doctor: Emphysema/chronic bronchitis ||  || ",TRUE,"igd"
"13","rs4901725","14","57142910",-6.45534e-05,0.000279056,462013,0.82,0.636893,"T","C","Blood clot, DVT, bronchitis, emphysema, asthma, rhinitis, eczema, allergy diagnosed by doctor: Emphysema/chronic bronchitis || id:ukb-b-16207","ukb-b-16207","Blood clot, DVT, bronchitis, emphysema, asthma, rhinitis, eczema, allergy diagnosed by doctor: Emphysema/chronic bronchitis","Blood clot, DVT, bronchitis, emphysema, asthma, rhinitis, eczema, allergy diagnosed by doctor: Emphysema/chronic bronchitis ||  || ",TRUE,"igd"
"14","rs4777927","15","94142630",0.000176059,0.000287703,462013,0.54,0.67336,"C","T","Blood clot, DVT, bronchitis, emphysema, asthma, rhinitis, eczema, allergy diagnosed by doctor: Emphysema/chronic bronchitis || id:ukb-b-16207","ukb-b-16207","Blood clot, DVT, bronchitis, emphysema, asthma, rhinitis, eczema, allergy diagnosed by doctor: Emphysema/chronic bronchitis","Blood clot, DVT, bronchitis, emphysema, asthma, rhinitis, eczema, allergy diagnosed by doctor: Emphysema/chronic bronchitis ||  || ",TRUE,"igd"
"15","rs10507725","13","66360155",0.00259567,0.0012185,462013,0.0329997,0.083419,"A","C","Blood clot, DVT, bronchitis, emphysema, asthma, rhinitis, eczema, allergy diagnosed by doctor: Asthma || id:ukb-b-20296","ukb-b-20296","Blood clot, DVT, bronchitis, emphysema, asthma, rhinitis, eczema, allergy diagnosed by doctor: Asthma","Blood clot, DVT, bronchitis, emphysema, asthma, rhinitis, eczema, allergy diagnosed by doctor: Asthma ||  || ",TRUE,"igd"
"16","rs10233359","7","113328435",-0.00190075,0.00119596,462013,0.11,0.083438,"A","G","Blood clot, DVT, bronchitis, emphysema, asthma, rhinitis, eczema, allergy diagnosed by doctor: Asthma || id:ukb-b-20296","ukb-b-20296","Blood clot, DVT, bronchitis, emphysema, asthma, rhinitis, eczema, allergy diagnosed by doctor: Asthma","Blood clot, DVT, bronchitis, emphysema, asthma, rhinitis, eczema, allergy diagnosed by doctor: Asthma ||  || ",TRUE,"igd"
"17","rs11831423","12","92050203",-0.00113595,0.000987149,462013,0.25,0.128912,"A","C","Blood clot, DVT, bronchitis, emphysema, asthma, rhinitis, eczema, allergy diagnosed by doctor: Asthma || id:ukb-b-20296","ukb-b-20296","Blood clot, DVT, bronchitis, emphysema, asthma, rhinitis, eczema, allergy diagnosed by doctor: Asthma","Blood clot, DVT, bronchitis, emphysema, asthma, rhinitis, eczema, allergy diagnosed by doctor: Asthma ||  || ",TRUE,"igd"
"18","rs1446585","2","136407479",-0.000295004,0.000200454,462933,0.14,0.244516,"G","A","Non-cancer illness code, self-reported: allergy/hypersensitivity/anaphylaxis || id:ukb-b-9039","ukb-b-9039","Non-cancer illness code, self-reported: allergy/hypersensitivity/anaphylaxis","Non-cancer illness code, self-reported: allergy/hypersensitivity/anaphylaxis ||  || ",TRUE,"igd"
"19","rs7486170","12","92026382",-0.000249,0.000262389,462933,0.34,0.870616,"G","A","Non-cancer illness code, self-reported: allergy/hypersensitivity/anaphylaxis || id:ukb-b-9039","ukb-b-9039","Non-cancer illness code, self-reported: allergy/hypersensitivity/anaphylaxis","Non-cancer illness code, self-reported: allergy/hypersensitivity/anaphylaxis ||  || ",TRUE,"igd"
"20","rs11831423","12","92050203",0.000247779,0.000262195,462933,0.34,0.128916,"A","C","Non-cancer illness code, self-reported: allergy/hypersensitivity/anaphylaxis || id:ukb-b-9039","ukb-b-9039","Non-cancer illness code, self-reported: allergy/hypersensitivity/anaphylaxis","Non-cancer illness code, self-reported: allergy/hypersensitivity/anaphylaxis ||  || ",TRUE,"igd"
"21","rs11831423","12","92050203",0.000445245,0.000288167,462933,0.12,0.128916,"A","C","Non-cancer illness code, self-reported: allergy or anaphylactic reaction to drug || id:ukb-b-10351","ukb-b-10351","Non-cancer illness code, self-reported: allergy or anaphylactic reaction to drug","Non-cancer illness code, self-reported: allergy or anaphylactic reaction to drug ||  || ",TRUE,"igd"
"22","rs12607607","18","39082090",-0.000181509,0.000256009,462933,0.48,0.17161,"T","C","Non-cancer illness code, self-reported: allergy or anaphylactic reaction to drug || id:ukb-b-10351","ukb-b-10351","Non-cancer illness code, self-reported: allergy or anaphylactic reaction to drug","Non-cancer illness code, self-reported: allergy or anaphylactic reaction to drug ||  || ",TRUE,"igd"
"23","rs498018","11","95024932",0.00013577,0.000329372,463010,0.68,0.389543,"T","G","Diagnoses - secondary ICD10: Z88.0 Personal history of allergy to penicillin || id:ukb-b-5911","ukb-b-5911","Diagnoses - secondary ICD10: Z88.0 Personal history of allergy to penicillin","Diagnoses - secondary ICD10: Z88.0 Personal history of allergy to penicillin ||  || ",TRUE,"igd"
"24","rs2293702","14","22001947",0.000352675,0.000331085,463010,0.29,0.452354,"T","C","Diagnoses - secondary ICD10: Z88.0 Personal history of allergy to penicillin || id:ukb-b-5911","ukb-b-5911","Diagnoses - secondary ICD10: Z88.0 Personal history of allergy to penicillin","Diagnoses - secondary ICD10: Z88.0 Personal history of allergy to penicillin ||  || ",TRUE,"igd"
"25","rs1446585","2","136407479",-0.000221833,0.000161187,463010,0.17,0.244525,"G","A","Diagnoses - secondary ICD10: Z88.1 Personal history of allergy to other antibiotic agents || id:ukb-b-9841","ukb-b-9841","Diagnoses - secondary ICD10: Z88.1 Personal history of allergy to other antibiotic agents","Diagnoses - secondary ICD10: Z88.1 Personal history of allergy to other antibiotic agents ||  || ",TRUE,"igd"
"26","rs730589","15","64194173",0.000100704,0.000149423,463010,0.5,0.337969,"T","G","Diagnoses - secondary ICD10: Z88.1 Personal history of allergy to other antibiotic agents || id:ukb-b-9841","ukb-b-9841","Diagnoses - secondary ICD10: Z88.1 Personal history of allergy to other antibiotic agents","Diagnoses - secondary ICD10: Z88.1 Personal history of allergy to other antibiotic agents ||  || ",TRUE,"igd"
"27","rs4777927","15","94142630",1.96422e-06,0.00015129,463010,0.99,0.673352,"C","T","Diagnoses - secondary ICD10: Z88.1 Personal history of allergy to other antibiotic agents || id:ukb-b-9841","ukb-b-9841","Diagnoses - secondary ICD10: Z88.1 Personal history of allergy to other antibiotic agents","Diagnoses - secondary ICD10: Z88.1 Personal history of allergy to other antibiotic agents ||  || ",TRUE,"igd"
"28","rs4901725","14","57142910",0.000153766,0.000146748,463010,0.29,0.636875,"T","C","Diagnoses - secondary ICD10: Z88.1 Personal history of allergy to other antibiotic agents || id:ukb-b-9841","ukb-b-9841","Diagnoses - secondary ICD10: Z88.1 Personal history of allergy to other antibiotic agents","Diagnoses - secondary ICD10: Z88.1 Personal history of allergy to other antibiotic agents ||  || ",TRUE,"igd"
"29","rs2293702","14","22001947",-0.000134847,0.000145596,463010,0.35,0.452354,"T","C","Diagnoses - secondary ICD10: Z88.1 Personal history of allergy to other antibiotic agents || id:ukb-b-9841","ukb-b-9841","Diagnoses - secondary ICD10: Z88.1 Personal history of allergy to other antibiotic agents","Diagnoses - secondary ICD10: Z88.1 Personal history of allergy to other antibiotic agents ||  || ",TRUE,"igd"
"30","rs1446585","2","136407479",-0.000263408,0.000180385,463010,0.14,0.244525,"G","A","Diagnoses - secondary ICD10: Z88.8 Personal history of allergy to other drugs, medicaments and biological substances || id:ukb-b-4601","ukb-b-4601","Diagnoses - secondary ICD10: Z88.8 Personal history of allergy to other drugs, medicaments and biological substances","Diagnoses - secondary ICD10: Z88.8 Personal history of allergy to other drugs, medicaments and biological substances ||  || ",TRUE,"igd"
"31","rs2866194","4","101100658",0.000277325,0.0001729,463010,0.11,0.693837,"A","G","Diagnoses - secondary ICD10: Z88.8 Personal history of allergy to other drugs, medicaments and biological substances || id:ukb-b-4601","ukb-b-4601","Diagnoses - secondary ICD10: Z88.8 Personal history of allergy to other drugs, medicaments and biological substances","Diagnoses - secondary ICD10: Z88.8 Personal history of allergy to other drugs, medicaments and biological substances ||  || ",TRUE,"igd"
"32","rs498018","11","95024932",-4.06419e-05,0.000162092,463010,0.8,0.389543,"T","G","Diagnoses - secondary ICD10: Z88.8 Personal history of allergy to other drugs, medicaments and biological substances || id:ukb-b-4601","ukb-b-4601","Diagnoses - secondary ICD10: Z88.8 Personal history of allergy to other drugs, medicaments and biological substances","Diagnoses - secondary ICD10: Z88.8 Personal history of allergy to other drugs, medicaments and biological substances ||  || ",TRUE,"igd"
"33","rs1446585","2","136407479",0.00230506,0.000991897,462013,0.02,0.244317,"G","A","Blood clot, DVT, bronchitis, emphysema, asthma, rhinitis, eczema, allergy diagnosed by doctor: Hayfever, allergic rhinitis or eczema || id:ukb-b-17241","ukb-b-17241","Blood clot, DVT, bronchitis, emphysema, asthma, rhinitis, eczema, allergy diagnosed by doctor: Hayfever, allergic rhinitis or eczema","Blood clot, DVT, bronchitis, emphysema, asthma, rhinitis, eczema, allergy diagnosed by doctor: Hayfever, allergic rhinitis or eczema ||  || ",TRUE,"igd"
"34","rs2866194","4","101100658",4.88876e-05,0.000950597,462013,0.96,0.693825,"A","G","Blood clot, DVT, bronchitis, emphysema, asthma, rhinitis, eczema, allergy diagnosed by doctor: Hayfever, allergic rhinitis or eczema || id:ukb-b-17241","ukb-b-17241","Blood clot, DVT, bronchitis, emphysema, asthma, rhinitis, eczema, allergy diagnosed by doctor: Hayfever, allergic rhinitis or eczema","Blood clot, DVT, bronchitis, emphysema, asthma, rhinitis, eczema, allergy diagnosed by doctor: Hayfever, allergic rhinitis or eczema ||  || ",TRUE,"igd"
"35","rs508259","9","14437476",-0.000481572,0.00143237,462013,0.74,0.894765,"T","C","Blood clot, DVT, bronchitis, emphysema, asthma, rhinitis, eczema, allergy diagnosed by doctor: Hayfever, allergic rhinitis or eczema || id:ukb-b-17241","ukb-b-17241","Blood clot, DVT, bronchitis, emphysema, asthma, rhinitis, eczema, allergy diagnosed by doctor: Hayfever, allergic rhinitis or eczema","Blood clot, DVT, bronchitis, emphysema, asthma, rhinitis, eczema, allergy diagnosed by doctor: Hayfever, allergic rhinitis or eczema ||  || ",TRUE,"igd"
"36","rs11831423","12","92050203",-0.000413646,0.00129773,462013,0.75,0.128912,"A","C","Blood clot, DVT, bronchitis, emphysema, asthma, rhinitis, eczema, allergy diagnosed by doctor: Hayfever, allergic rhinitis or eczema || id:ukb-b-17241","ukb-b-17241","Blood clot, DVT, bronchitis, emphysema, asthma, rhinitis, eczema, allergy diagnosed by doctor: Hayfever, allergic rhinitis or eczema","Blood clot, DVT, bronchitis, emphysema, asthma, rhinitis, eczema, allergy diagnosed by doctor: Hayfever, allergic rhinitis or eczema ||  || ",TRUE,"igd"
"37","rs4901725","14","57142910",2.38778e-05,0.000903452,462013,0.98,0.636893,"T","C","Blood clot, DVT, bronchitis, emphysema, asthma, rhinitis, eczema, allergy diagnosed by doctor: Hayfever, allergic rhinitis or eczema || id:ukb-b-17241","ukb-b-17241","Blood clot, DVT, bronchitis, emphysema, asthma, rhinitis, eczema, allergy diagnosed by doctor: Hayfever, allergic rhinitis or eczema","Blood clot, DVT, bronchitis, emphysema, asthma, rhinitis, eczema, allergy diagnosed by doctor: Hayfever, allergic rhinitis or eczema ||  || ",TRUE,"igd"
"38","rs4777927","15","94142630",-0.000163845,0.000931463,462013,0.86,0.67336,"C","T","Blood clot, DVT, bronchitis, emphysema, asthma, rhinitis, eczema, allergy diagnosed by doctor: Hayfever, allergic rhinitis or eczema || id:ukb-b-17241","ukb-b-17241","Blood clot, DVT, bronchitis, emphysema, asthma, rhinitis, eczema, allergy diagnosed by doctor: Hayfever, allergic rhinitis or eczema","Blood clot, DVT, bronchitis, emphysema, asthma, rhinitis, eczema, allergy diagnosed by doctor: Hayfever, allergic rhinitis or eczema ||  || ",TRUE,"igd"
"39","rs508259","9","14437476",-9.57059e-05,0.000442537,462013,0.83,0.894765,"T","C","Blood clot, DVT, bronchitis, emphysema, asthma, rhinitis, eczema, allergy diagnosed by doctor: Emphysema/chronic bronchitis || id:ukb-b-16207","ukb-b-16207","Blood clot, DVT, bronchitis, emphysema, asthma, rhinitis, eczema, allergy diagnosed by doctor: Emphysema/chronic bronchitis","Blood clot, DVT, bronchitis, emphysema, asthma, rhinitis, eczema, allergy diagnosed by doctor: Emphysema/chronic bronchitis ||  || ",TRUE,"igd"
"40","rs1446585","2","136407479",0.00165634,0.000754755,462013,0.0280001,0.244317,"G","A","Blood clot, DVT, bronchitis, emphysema, asthma, rhinitis, eczema, allergy diagnosed by doctor: Asthma || id:ukb-b-20296","ukb-b-20296","Blood clot, DVT, bronchitis, emphysema, asthma, rhinitis, eczema, allergy diagnosed by doctor: Asthma","Blood clot, DVT, bronchitis, emphysema, asthma, rhinitis, eczema, allergy diagnosed by doctor: Asthma ||  || ",TRUE,"igd"
"41","rs4777927","15","94142630",0.000222283,0.000708444,462013,0.75,0.67336,"C","T","Blood clot, DVT, bronchitis, emphysema, asthma, rhinitis, eczema, allergy diagnosed by doctor: Asthma || id:ukb-b-20296","ukb-b-20296","Blood clot, DVT, bronchitis, emphysema, asthma, rhinitis, eczema, allergy diagnosed by doctor: Asthma","Blood clot, DVT, bronchitis, emphysema, asthma, rhinitis, eczema, allergy diagnosed by doctor: Asthma ||  || ",TRUE,"igd"
"42","rs730589","15","64194173",-0.0028137,0.000699727,462013,5.80003e-05,0.337977,"T","G","Blood clot, DVT, bronchitis, emphysema, asthma, rhinitis, eczema, allergy diagnosed by doctor: Asthma || id:ukb-b-20296","ukb-b-20296","Blood clot, DVT, bronchitis, emphysema, asthma, rhinitis, eczema, allergy diagnosed by doctor: Asthma","Blood clot, DVT, bronchitis, emphysema, asthma, rhinitis, eczema, allergy diagnosed by doctor: Asthma ||  || ",TRUE,"igd"
"43","rs498018","11","95024932",-0.000267695,0.000678065,462013,0.69,0.389558,"T","G","Blood clot, DVT, bronchitis, emphysema, asthma, rhinitis, eczema, allergy diagnosed by doctor: Asthma || id:ukb-b-20296","ukb-b-20296","Blood clot, DVT, bronchitis, emphysema, asthma, rhinitis, eczema, allergy diagnosed by doctor: Asthma","Blood clot, DVT, bronchitis, emphysema, asthma, rhinitis, eczema, allergy diagnosed by doctor: Asthma ||  || ",TRUE,"igd"
"44","rs2293702","14","22001947",-0.000652479,0.000681806,462013,0.34,0.452382,"T","C","Blood clot, DVT, bronchitis, emphysema, asthma, rhinitis, eczema, allergy diagnosed by doctor: Asthma || id:ukb-b-20296","ukb-b-20296","Blood clot, DVT, bronchitis, emphysema, asthma, rhinitis, eczema, allergy diagnosed by doctor: Asthma","Blood clot, DVT, bronchitis, emphysema, asthma, rhinitis, eczema, allergy diagnosed by doctor: Asthma ||  || ",TRUE,"igd"
"45","rs11880147","19","18042945",0.000742481,0.000827878,462013,0.37,0.199041,"G","A","Blood clot, DVT, bronchitis, emphysema, asthma, rhinitis, eczema, allergy diagnosed by doctor: Asthma || id:ukb-b-20296","ukb-b-20296","Blood clot, DVT, bronchitis, emphysema, asthma, rhinitis, eczema, allergy diagnosed by doctor: Asthma","Blood clot, DVT, bronchitis, emphysema, asthma, rhinitis, eczema, allergy diagnosed by doctor: Asthma ||  || ",TRUE,"igd"
"46","rs12607607","18","39082090",0.00111338,0.000877195,462013,0.2,0.171603,"T","C","Blood clot, DVT, bronchitis, emphysema, asthma, rhinitis, eczema, allergy diagnosed by doctor: Asthma || id:ukb-b-20296","ukb-b-20296","Blood clot, DVT, bronchitis, emphysema, asthma, rhinitis, eczema, allergy diagnosed by doctor: Asthma","Blood clot, DVT, bronchitis, emphysema, asthma, rhinitis, eczema, allergy diagnosed by doctor: Asthma ||  || ",TRUE,"igd"
"47","rs2866194","4","101100658",-0.000167176,0.000192132,462933,0.38,0.693836,"A","G","Non-cancer illness code, self-reported: allergy/hypersensitivity/anaphylaxis || id:ukb-b-9039","ukb-b-9039","Non-cancer illness code, self-reported: allergy/hypersensitivity/anaphylaxis","Non-cancer illness code, self-reported: allergy/hypersensitivity/anaphylaxis ||  || ",TRUE,"igd"
"48","rs730589","15","64194173",0.000137011,0.000131319,463010,0.3,0.337969,"T","G","Diagnoses - secondary ICD10: Z91.0 Personal history of allergy, other than to drugs and biological substances || id:ukb-b-16702","ukb-b-16702","Diagnoses - secondary ICD10: Z91.0 Personal history of allergy, other than to drugs and biological substances","Diagnoses - secondary ICD10: Z91.0 Personal history of allergy, other than to drugs and biological substances ||  || ",TRUE,"igd"
"49","rs1376236","1","106677510",-0.000200984,0.000323153,462933,0.53,0.099876,"C","A","Non-cancer illness code, self-reported: allergy or anaphylactic reaction to drug || id:ukb-b-10351","ukb-b-10351","Non-cancer illness code, self-reported: allergy or anaphylactic reaction to drug","Non-cancer illness code, self-reported: allergy or anaphylactic reaction to drug ||  || ",TRUE,"igd"
"50","rs498018","11","95024932",-2.09483e-05,0.000197962,462933,0.92,0.38954,"T","G","Non-cancer illness code, self-reported: allergy or anaphylactic reaction to drug || id:ukb-b-10351","ukb-b-10351","Non-cancer illness code, self-reported: allergy or anaphylactic reaction to drug","Non-cancer illness code, self-reported: allergy or anaphylactic reaction to drug ||  || ",TRUE,"igd"
"51","rs2293702","14","22001947",3.27007e-05,0.00019899,462933,0.87,0.452361,"T","C","Non-cancer illness code, self-reported: allergy or anaphylactic reaction to drug || id:ukb-b-10351","ukb-b-10351","Non-cancer illness code, self-reported: allergy or anaphylactic reaction to drug","Non-cancer illness code, self-reported: allergy or anaphylactic reaction to drug ||  || ",TRUE,"igd"
"52","rs4777927","15","94142630",-0.00014903,0.000206772,462933,0.47,0.673357,"C","T","Non-cancer illness code, self-reported: allergy or anaphylactic reaction to drug || id:ukb-b-10351","ukb-b-10351","Non-cancer illness code, self-reported: allergy or anaphylactic reaction to drug","Non-cancer illness code, self-reported: allergy or anaphylactic reaction to drug ||  || ",TRUE,"igd"
"53","rs1446585","2","136407479",-0.000422649,0.000366517,463010,0.25,0.244525,"G","A","Diagnoses - secondary ICD10: Z88.0 Personal history of allergy to penicillin || id:ukb-b-5911","ukb-b-5911","Diagnoses - secondary ICD10: Z88.0 Personal history of allergy to penicillin","Diagnoses - secondary ICD10: Z88.0 Personal history of allergy to penicillin ||  || ",TRUE,"igd"
"54","rs2866194","4","101100658",0.000310522,0.000211162,462933,0.14,0.693836,"A","G","Non-cancer illness code, self-reported: allergy or anaphylactic reaction to drug || id:ukb-b-10351","ukb-b-10351","Non-cancer illness code, self-reported: allergy or anaphylactic reaction to drug","Non-cancer illness code, self-reported: allergy or anaphylactic reaction to drug ||  || ",TRUE,"igd"
"55","rs1346183","4","37115329",-0.000394852,0.000509531,463010,0.44,0.112174,"C","T","Diagnoses - secondary ICD10: Z88.0 Personal history of allergy to penicillin || id:ukb-b-5911","ukb-b-5911","Diagnoses - secondary ICD10: Z88.0 Personal history of allergy to penicillin","Diagnoses - secondary ICD10: Z88.0 Personal history of allergy to penicillin ||  || ",TRUE,"igd"
"56","rs10507725","13","66360155",0.000458686,0.000591827,463010,0.44,0.083395,"A","C","Diagnoses - secondary ICD10: Z88.0 Personal history of allergy to penicillin || id:ukb-b-5911","ukb-b-5911","Diagnoses - secondary ICD10: Z88.0 Personal history of allergy to penicillin","Diagnoses - secondary ICD10: Z88.0 Personal history of allergy to penicillin ||  || ",TRUE,"igd"
"57","rs7486170","12","92026382",0.000334718,0.000479821,463010,0.49,0.870619,"G","A","Diagnoses - secondary ICD10: Z88.0 Personal history of allergy to penicillin || id:ukb-b-5911","ukb-b-5911","Diagnoses - secondary ICD10: Z88.0 Personal history of allergy to penicillin","Diagnoses - secondary ICD10: Z88.0 Personal history of allergy to penicillin ||  || ",TRUE,"igd"
"58","rs12607607","18","39082090",0.00018728,0.000425953,463010,0.66,0.171608,"T","C","Diagnoses - secondary ICD10: Z88.0 Personal history of allergy to penicillin || id:ukb-b-5911","ukb-b-5911","Diagnoses - secondary ICD10: Z88.0 Personal history of allergy to penicillin","Diagnoses - secondary ICD10: Z88.0 Personal history of allergy to penicillin ||  || ",TRUE,"igd"
"59","rs498018","11","95024932",0.000202912,0.000144841,463010,0.16,0.389543,"T","G","Diagnoses - secondary ICD10: Z88.1 Personal history of allergy to other antibiotic agents || id:ukb-b-9841","ukb-b-9841","Diagnoses - secondary ICD10: Z88.1 Personal history of allergy to other antibiotic agents","Diagnoses - secondary ICD10: Z88.1 Personal history of allergy to other antibiotic agents ||  || ",TRUE,"igd"
"60","rs12607607","18","39082090",0.000529926,0.000209621,463010,0.0109999,0.171608,"T","C","Diagnoses - secondary ICD10: Z88.8 Personal history of allergy to other drugs, medicaments and biological substances || id:ukb-b-4601","ukb-b-4601","Diagnoses - secondary ICD10: Z88.8 Personal history of allergy to other drugs, medicaments and biological substances","Diagnoses - secondary ICD10: Z88.8 Personal history of allergy to other drugs, medicaments and biological substances ||  || ",TRUE,"igd"
"61","rs11880147","19","18042945",7.16057e-05,0.000197888,463010,0.719999,0.198979,"G","A","Diagnoses - secondary ICD10: Z88.8 Personal history of allergy to other drugs, medicaments and biological substances || id:ukb-b-4601","ukb-b-4601","Diagnoses - secondary ICD10: Z88.8 Personal history of allergy to other drugs, medicaments and biological substances","Diagnoses - secondary ICD10: Z88.8 Personal history of allergy to other drugs, medicaments and biological substances ||  || ",TRUE,"igd"
"62","rs7486170","12","92026382",0.000433359,0.00129869,462013,0.74,0.87062,"G","A","Blood clot, DVT, bronchitis, emphysema, asthma, rhinitis, eczema, allergy diagnosed by doctor: Hayfever, allergic rhinitis or eczema || id:ukb-b-17241","ukb-b-17241","Blood clot, DVT, bronchitis, emphysema, asthma, rhinitis, eczema, allergy diagnosed by doctor: Hayfever, allergic rhinitis or eczema","Blood clot, DVT, bronchitis, emphysema, asthma, rhinitis, eczema, allergy diagnosed by doctor: Hayfever, allergic rhinitis or eczema ||  || ",TRUE,"igd"
"63","rs1446585","2","136407479",0.000244033,0.000306697,462013,0.43,0.244317,"G","A","Blood clot, DVT, bronchitis, emphysema, asthma, rhinitis, eczema, allergy diagnosed by doctor: Emphysema/chronic bronchitis || id:ukb-b-16207","ukb-b-16207","Blood clot, DVT, bronchitis, emphysema, asthma, rhinitis, eczema, allergy diagnosed by doctor: Emphysema/chronic bronchitis","Blood clot, DVT, bronchitis, emphysema, asthma, rhinitis, eczema, allergy diagnosed by doctor: Emphysema/chronic bronchitis ||  || ",TRUE,"igd"
"64","rs10055309","5","168430327",-0.00021813,0.000565574,462013,0.7,0.060465,"C","T","Blood clot, DVT, bronchitis, emphysema, asthma, rhinitis, eczema, allergy diagnosed by doctor: Emphysema/chronic bronchitis || id:ukb-b-16207","ukb-b-16207","Blood clot, DVT, bronchitis, emphysema, asthma, rhinitis, eczema, allergy diagnosed by doctor: Emphysema/chronic bronchitis","Blood clot, DVT, bronchitis, emphysema, asthma, rhinitis, eczema, allergy diagnosed by doctor: Emphysema/chronic bronchitis ||  || ",TRUE,"igd"
"65","rs10233359","7","113328435",-0.00326941,0.00157212,462013,0.0379997,0.083438,"A","G","Blood clot, DVT, bronchitis, emphysema, asthma, rhinitis, eczema, allergy diagnosed by doctor: Hayfever, allergic rhinitis or eczema || id:ukb-b-17241","ukb-b-17241","Blood clot, DVT, bronchitis, emphysema, asthma, rhinitis, eczema, allergy diagnosed by doctor: Hayfever, allergic rhinitis or eczema","Blood clot, DVT, bronchitis, emphysema, asthma, rhinitis, eczema, allergy diagnosed by doctor: Hayfever, allergic rhinitis or eczema ||  || ",TRUE,"igd"
"66","rs1376235","1","106677373",9.73277e-05,0.000449799,462013,0.83,0.099714,"G","C","Blood clot, DVT, bronchitis, emphysema, asthma, rhinitis, eczema, allergy diagnosed by doctor: Emphysema/chronic bronchitis || id:ukb-b-16207","ukb-b-16207","Blood clot, DVT, bronchitis, emphysema, asthma, rhinitis, eczema, allergy diagnosed by doctor: Emphysema/chronic bronchitis","Blood clot, DVT, bronchitis, emphysema, asthma, rhinitis, eczema, allergy diagnosed by doctor: Emphysema/chronic bronchitis ||  || ",TRUE,"igd"
"67","rs10055309","5","168430327",-0.00450655,0.00182986,462013,0.0140001,0.060465,"C","T","Blood clot, DVT, bronchitis, emphysema, asthma, rhinitis, eczema, allergy diagnosed by doctor: Hayfever, allergic rhinitis or eczema || id:ukb-b-17241","ukb-b-17241","Blood clot, DVT, bronchitis, emphysema, asthma, rhinitis, eczema, allergy diagnosed by doctor: Hayfever, allergic rhinitis or eczema","Blood clot, DVT, bronchitis, emphysema, asthma, rhinitis, eczema, allergy diagnosed by doctor: Hayfever, allergic rhinitis or eczema ||  || ",TRUE,"igd"
"68","rs10055309","5","168430327",0.00220518,0.00139198,462013,0.11,0.060465,"C","T","Blood clot, DVT, bronchitis, emphysema, asthma, rhinitis, eczema, allergy diagnosed by doctor: Asthma || id:ukb-b-20296","ukb-b-20296","Blood clot, DVT, bronchitis, emphysema, asthma, rhinitis, eczema, allergy diagnosed by doctor: Asthma","Blood clot, DVT, bronchitis, emphysema, asthma, rhinitis, eczema, allergy diagnosed by doctor: Asthma ||  || ",TRUE,"igd"
"69","rs508259","9","14437476",-0.000495014,0.00108947,462013,0.649999,0.894765,"T","C","Blood clot, DVT, bronchitis, emphysema, asthma, rhinitis, eczema, allergy diagnosed by doctor: Asthma || id:ukb-b-20296","ukb-b-20296","Blood clot, DVT, bronchitis, emphysema, asthma, rhinitis, eczema, allergy diagnosed by doctor: Asthma","Blood clot, DVT, bronchitis, emphysema, asthma, rhinitis, eczema, allergy diagnosed by doctor: Asthma ||  || ",TRUE,"igd"
"70","rs508259","9","14437476",0.000107949,0.000289376,462933,0.709999,0.894761,"T","C","Non-cancer illness code, self-reported: allergy/hypersensitivity/anaphylaxis || id:ukb-b-9039","ukb-b-9039","Non-cancer illness code, self-reported: allergy/hypersensitivity/anaphylaxis","Non-cancer illness code, self-reported: allergy/hypersensitivity/anaphylaxis ||  || ",TRUE,"igd"
"71","rs4901725","14","57142910",-0.000215929,0.000182489,462933,0.24,0.636862,"T","C","Non-cancer illness code, self-reported: allergy/hypersensitivity/anaphylaxis || id:ukb-b-9039","ukb-b-9039","Non-cancer illness code, self-reported: allergy/hypersensitivity/anaphylaxis","Non-cancer illness code, self-reported: allergy/hypersensitivity/anaphylaxis ||  || ",TRUE,"igd"
"72","rs730589","15","64194173",6.42784e-06,0.000185815,462933,0.97,0.337974,"T","G","Non-cancer illness code, self-reported: allergy/hypersensitivity/anaphylaxis || id:ukb-b-9039","ukb-b-9039","Non-cancer illness code, self-reported: allergy/hypersensitivity/anaphylaxis","Non-cancer illness code, self-reported: allergy/hypersensitivity/anaphylaxis ||  || ",TRUE,"igd"
"73","rs2293702","14","22001947",-8.64126e-06,0.000181056,462933,0.96,0.452361,"T","C","Non-cancer illness code, self-reported: allergy/hypersensitivity/anaphylaxis || id:ukb-b-9039","ukb-b-9039","Non-cancer illness code, self-reported: allergy/hypersensitivity/anaphylaxis","Non-cancer illness code, self-reported: allergy/hypersensitivity/anaphylaxis ||  || ",TRUE,"igd"
"74","rs11880147","19","18042945",5.73403e-05,0.000219897,462933,0.79,0.198991,"G","A","Non-cancer illness code, self-reported: allergy/hypersensitivity/anaphylaxis || id:ukb-b-9039","ukb-b-9039","Non-cancer illness code, self-reported: allergy/hypersensitivity/anaphylaxis","Non-cancer illness code, self-reported: allergy/hypersensitivity/anaphylaxis ||  || ",TRUE,"igd"
"75","rs4777927","15","94142630",-1.13673e-05,0.000188137,462933,0.95,0.673357,"C","T","Non-cancer illness code, self-reported: allergy/hypersensitivity/anaphylaxis || id:ukb-b-9039","ukb-b-9039","Non-cancer illness code, self-reported: allergy/hypersensitivity/anaphylaxis","Non-cancer illness code, self-reported: allergy/hypersensitivity/anaphylaxis ||  || ",TRUE,"igd"
"76","rs2293702","14","22001947",-7.25252e-05,0.000127956,463010,0.57,0.452354,"T","C","Diagnoses - secondary ICD10: Z91.0 Personal history of allergy, other than to drugs and biological substances || id:ukb-b-16702","ukb-b-16702","Diagnoses - secondary ICD10: Z91.0 Personal history of allergy, other than to drugs and biological substances","Diagnoses - secondary ICD10: Z91.0 Personal history of allergy, other than to drugs and biological substances ||  || ",TRUE,"igd"
"77","rs4777927","15","94142630",6.32257e-05,0.000132959,463010,0.630001,0.673352,"C","T","Diagnoses - secondary ICD10: Z91.0 Personal history of allergy, other than to drugs and biological substances || id:ukb-b-16702","ukb-b-16702","Diagnoses - secondary ICD10: Z91.0 Personal history of allergy, other than to drugs and biological substances","Diagnoses - secondary ICD10: Z91.0 Personal history of allergy, other than to drugs and biological substances ||  || ",TRUE,"igd"
"78","rs508259","9","14437476",0.000372887,0.000318039,462933,0.24,0.894761,"T","C","Non-cancer illness code, self-reported: allergy or anaphylactic reaction to drug || id:ukb-b-10351","ukb-b-10351","Non-cancer illness code, self-reported: allergy or anaphylactic reaction to drug","Non-cancer illness code, self-reported: allergy or anaphylactic reaction to drug ||  || ",TRUE,"igd"
"79","rs2866194","4","101100658",-3.37148e-06,0.00035131,463010,0.99,0.693837,"A","G","Diagnoses - secondary ICD10: Z88.0 Personal history of allergy to penicillin || id:ukb-b-5911","ukb-b-5911","Diagnoses - secondary ICD10: Z88.0 Personal history of allergy to penicillin","Diagnoses - secondary ICD10: Z88.0 Personal history of allergy to penicillin ||  || ",TRUE,"igd"
"80","rs10233359","7","113328435",-5.97101e-05,0.000580794,463010,0.92,0.083464,"A","G","Diagnoses - secondary ICD10: Z88.0 Personal history of allergy to penicillin || id:ukb-b-5911","ukb-b-5911","Diagnoses - secondary ICD10: Z88.0 Personal history of allergy to penicillin","Diagnoses - secondary ICD10: Z88.0 Personal history of allergy to penicillin ||  || ",TRUE,"igd"
"81","rs1376235","1","106677373",-0.00021535,0.000537913,463010,0.69,0.099699,"G","C","Diagnoses - secondary ICD10: Z88.0 Personal history of allergy to penicillin || id:ukb-b-5911","ukb-b-5911","Diagnoses - secondary ICD10: Z88.0 Personal history of allergy to penicillin","Diagnoses - secondary ICD10: Z88.0 Personal history of allergy to penicillin ||  || ",TRUE,"igd"
"82","rs11880147","19","18042945",6.46018e-05,0.000241678,462933,0.79,0.198991,"G","A","Non-cancer illness code, self-reported: allergy or anaphylactic reaction to drug || id:ukb-b-10351","ukb-b-10351","Non-cancer illness code, self-reported: allergy or anaphylactic reaction to drug","Non-cancer illness code, self-reported: allergy or anaphylactic reaction to drug ||  || ",TRUE,"igd"
"83","rs730589","15","64194173",0.000150366,0.00020422,462933,0.46,0.337974,"T","G","Non-cancer illness code, self-reported: allergy or anaphylactic reaction to drug || id:ukb-b-10351","ukb-b-10351","Non-cancer illness code, self-reported: allergy or anaphylactic reaction to drug","Non-cancer illness code, self-reported: allergy or anaphylactic reaction to drug ||  || ",TRUE,"igd"
"84","rs508259","9","14437476",0.000689835,0.000529143,463010,0.19,0.894758,"T","C","Diagnoses - secondary ICD10: Z88.0 Personal history of allergy to penicillin || id:ukb-b-5911","ukb-b-5911","Diagnoses - secondary ICD10: Z88.0 Personal history of allergy to penicillin","Diagnoses - secondary ICD10: Z88.0 Personal history of allergy to penicillin ||  || ",TRUE,"igd"
"85","rs11831423","12","92050203",-0.00040287,0.000479466,463010,0.4,0.128912,"A","C","Diagnoses - secondary ICD10: Z88.0 Personal history of allergy to penicillin || id:ukb-b-5911","ukb-b-5911","Diagnoses - secondary ICD10: Z88.0 Personal history of allergy to penicillin","Diagnoses - secondary ICD10: Z88.0 Personal history of allergy to penicillin ||  || ",TRUE,"igd"
"86","rs730589","15","64194173",-1.72954e-05,0.000167216,463010,0.92,0.337969,"T","G","Diagnoses - secondary ICD10: Z88.8 Personal history of allergy to other drugs, medicaments and biological substances || id:ukb-b-4601","ukb-b-4601","Diagnoses - secondary ICD10: Z88.8 Personal history of allergy to other drugs, medicaments and biological substances","Diagnoses - secondary ICD10: Z88.8 Personal history of allergy to other drugs, medicaments and biological substances ||  || ",TRUE,"igd"
"87","rs1346183","4","37115329",-0.00154593,0.00137872,462013,0.26,0.112154,"C","T","Blood clot, DVT, bronchitis, emphysema, asthma, rhinitis, eczema, allergy diagnosed by doctor: Hayfever, allergic rhinitis or eczema || id:ukb-b-17241","ukb-b-17241","Blood clot, DVT, bronchitis, emphysema, asthma, rhinitis, eczema, allergy diagnosed by doctor: Hayfever, allergic rhinitis or eczema","Blood clot, DVT, bronchitis, emphysema, asthma, rhinitis, eczema, allergy diagnosed by doctor: Hayfever, allergic rhinitis or eczema ||  || ",TRUE,"igd"
"88","rs730589","15","64194173",-0.000578639,0.000920001,462013,0.53,0.337977,"T","G","Blood clot, DVT, bronchitis, emphysema, asthma, rhinitis, eczema, allergy diagnosed by doctor: Hayfever, allergic rhinitis or eczema || id:ukb-b-17241","ukb-b-17241","Blood clot, DVT, bronchitis, emphysema, asthma, rhinitis, eczema, allergy diagnosed by doctor: Hayfever, allergic rhinitis or eczema","Blood clot, DVT, bronchitis, emphysema, asthma, rhinitis, eczema, allergy diagnosed by doctor: Hayfever, allergic rhinitis or eczema ||  || ",TRUE,"igd"
"89","rs10233359","7","113328435",-3.51088e-05,0.000485772,462013,0.94,0.083438,"A","G","Blood clot, DVT, bronchitis, emphysema, asthma, rhinitis, eczema, allergy diagnosed by doctor: Emphysema/chronic bronchitis || id:ukb-b-16207","ukb-b-16207","Blood clot, DVT, bronchitis, emphysema, asthma, rhinitis, eczema, allergy diagnosed by doctor: Emphysema/chronic bronchitis","Blood clot, DVT, bronchitis, emphysema, asthma, rhinitis, eczema, allergy diagnosed by doctor: Emphysema/chronic bronchitis ||  || ",TRUE,"igd"
"90","rs730589","15","64194173",-0.000156869,0.000284163,462013,0.58,0.337977,"T","G","Blood clot, DVT, bronchitis, emphysema, asthma, rhinitis, eczema, allergy diagnosed by doctor: Emphysema/chronic bronchitis || id:ukb-b-16207","ukb-b-16207","Blood clot, DVT, bronchitis, emphysema, asthma, rhinitis, eczema, allergy diagnosed by doctor: Emphysema/chronic bronchitis","Blood clot, DVT, bronchitis, emphysema, asthma, rhinitis, eczema, allergy diagnosed by doctor: Emphysema/chronic bronchitis ||  || ",TRUE,"igd"
"91","rs1376236","1","106677510",0.00121201,0.00110629,462013,0.27,0.099892,"C","A","Blood clot, DVT, bronchitis, emphysema, asthma, rhinitis, eczema, allergy diagnosed by doctor: Asthma || id:ukb-b-20296","ukb-b-20296","Blood clot, DVT, bronchitis, emphysema, asthma, rhinitis, eczema, allergy diagnosed by doctor: Asthma","Blood clot, DVT, bronchitis, emphysema, asthma, rhinitis, eczema, allergy diagnosed by doctor: Asthma ||  || ",TRUE,"igd"
"92","rs1376235","1","106677373",0.00124452,0.00110688,462013,0.26,0.099714,"G","C","Blood clot, DVT, bronchitis, emphysema, asthma, rhinitis, eczema, allergy diagnosed by doctor: Asthma || id:ukb-b-20296","ukb-b-20296","Blood clot, DVT, bronchitis, emphysema, asthma, rhinitis, eczema, allergy diagnosed by doctor: Asthma","Blood clot, DVT, bronchitis, emphysema, asthma, rhinitis, eczema, allergy diagnosed by doctor: Asthma ||  || ",TRUE,"igd"
"93","rs1346183","4","37115329",-0.000441326,0.00104881,462013,0.67,0.112154,"C","T","Blood clot, DVT, bronchitis, emphysema, asthma, rhinitis, eczema, allergy diagnosed by doctor: Asthma || id:ukb-b-20296","ukb-b-20296","Blood clot, DVT, bronchitis, emphysema, asthma, rhinitis, eczema, allergy diagnosed by doctor: Asthma","Blood clot, DVT, bronchitis, emphysema, asthma, rhinitis, eczema, allergy diagnosed by doctor: Asthma ||  || ",TRUE,"igd"
"94","rs498018","11","95024932",-7.39432e-05,0.000180121,462933,0.68,0.38954,"T","G","Non-cancer illness code, self-reported: allergy/hypersensitivity/anaphylaxis || id:ukb-b-9039","ukb-b-9039","Non-cancer illness code, self-reported: allergy/hypersensitivity/anaphylaxis","Non-cancer illness code, self-reported: allergy/hypersensitivity/anaphylaxis ||  || ",TRUE,"igd"
"95","rs1346183","4","37115329",-0.000412545,0.000278645,462933,0.14,0.112181,"C","T","Non-cancer illness code, self-reported: allergy/hypersensitivity/anaphylaxis || id:ukb-b-9039","ukb-b-9039","Non-cancer illness code, self-reported: allergy/hypersensitivity/anaphylaxis","Non-cancer illness code, self-reported: allergy/hypersensitivity/anaphylaxis ||  || ",TRUE,"igd"
"96","rs1446585","2","136407479",5.20432e-06,0.000141658,463010,0.97,0.244525,"G","A","Diagnoses - secondary ICD10: Z91.0 Personal history of allergy, other than to drugs and biological substances || id:ukb-b-16702","ukb-b-16702","Diagnoses - secondary ICD10: Z91.0 Personal history of allergy, other than to drugs and biological substances","Diagnoses - secondary ICD10: Z91.0 Personal history of allergy, other than to drugs and biological substances ||  || ",TRUE,"igd"
"97","rs4901725","14","57142910",-0.000251389,0.000200565,462933,0.21,0.636862,"T","C","Non-cancer illness code, self-reported: allergy or anaphylactic reaction to drug || id:ukb-b-10351","ukb-b-10351","Non-cancer illness code, self-reported: allergy or anaphylactic reaction to drug","Non-cancer illness code, self-reported: allergy or anaphylactic reaction to drug ||  || ",TRUE,"igd"
"98","rs10055309","5","168430327",-0.000782631,0.00067621,463010,0.25,0.060468,"C","T","Diagnoses - secondary ICD10: Z88.0 Personal history of allergy to penicillin || id:ukb-b-5911","ukb-b-5911","Diagnoses - secondary ICD10: Z88.0 Personal history of allergy to penicillin","Diagnoses - secondary ICD10: Z88.0 Personal history of allergy to penicillin ||  || ",TRUE,"igd"
"99","rs1376236","1","106677510",-0.000214707,0.000537626,463010,0.69,0.099877,"C","A","Diagnoses - secondary ICD10: Z88.0 Personal history of allergy to penicillin || id:ukb-b-5911","ukb-b-5911","Diagnoses - secondary ICD10: Z88.0 Personal history of allergy to penicillin","Diagnoses - secondary ICD10: Z88.0 Personal history of allergy to penicillin ||  || ",TRUE,"igd"
"100","rs1346183","4","37115329",0.000590042,0.000306245,462933,0.0539995,0.112181,"C","T","Non-cancer illness code, self-reported: allergy or anaphylactic reaction to drug || id:ukb-b-10351","ukb-b-10351","Non-cancer illness code, self-reported: allergy or anaphylactic reaction to drug","Non-cancer illness code, self-reported: allergy or anaphylactic reaction to drug ||  || ",TRUE,"igd"
"101","rs11880147","19","18042945",-7.00938e-06,0.000402117,463010,0.99,0.198979,"G","A","Diagnoses - secondary ICD10: Z88.0 Personal history of allergy to penicillin || id:ukb-b-5911","ukb-b-5911","Diagnoses - secondary ICD10: Z88.0 Personal history of allergy to penicillin","Diagnoses - secondary ICD10: Z88.0 Personal history of allergy to penicillin ||  || ",TRUE,"igd"
"102","rs4901725","14","57142910",5.75882e-05,0.000333705,463010,0.86,0.636875,"T","C","Diagnoses - secondary ICD10: Z88.0 Personal history of allergy to penicillin || id:ukb-b-5911","ukb-b-5911","Diagnoses - secondary ICD10: Z88.0 Personal history of allergy to penicillin","Diagnoses - secondary ICD10: Z88.0 Personal history of allergy to penicillin ||  || ",TRUE,"igd"
"103","rs12607607","18","39082090",2.41791e-05,0.000187313,463010,0.9,0.171608,"T","C","Diagnoses - secondary ICD10: Z88.1 Personal history of allergy to other antibiotic agents || id:ukb-b-9841","ukb-b-9841","Diagnoses - secondary ICD10: Z88.1 Personal history of allergy to other antibiotic agents","Diagnoses - secondary ICD10: Z88.1 Personal history of allergy to other antibiotic agents ||  || ",TRUE,"igd"
"104","rs2866194","4","101100658",0.00016991,0.000154501,463010,0.27,0.693837,"A","G","Diagnoses - secondary ICD10: Z88.1 Personal history of allergy to other antibiotic agents || id:ukb-b-9841","ukb-b-9841","Diagnoses - secondary ICD10: Z88.1 Personal history of allergy to other antibiotic agents","Diagnoses - secondary ICD10: Z88.1 Personal history of allergy to other antibiotic agents ||  || ",TRUE,"igd"
"105","rs2293702","14","22001947",-1.95943e-05,0.000162935,463010,0.9,0.452354,"T","C","Diagnoses - secondary ICD10: Z88.8 Personal history of allergy to other drugs, medicaments and biological substances || id:ukb-b-4601","ukb-b-4601","Diagnoses - secondary ICD10: Z88.8 Personal history of allergy to other drugs, medicaments and biological substances","Diagnoses - secondary ICD10: Z88.8 Personal history of allergy to other drugs, medicaments and biological substances ||  || ",TRUE,"igd"
"106","rs10507725","13","66360155",-1.09134e-06,0.000494841,462013,1,0.083419,"A","C","Blood clot, DVT, bronchitis, emphysema, asthma, rhinitis, eczema, allergy diagnosed by doctor: Emphysema/chronic bronchitis || id:ukb-b-16207","ukb-b-16207","Blood clot, DVT, bronchitis, emphysema, asthma, rhinitis, eczema, allergy diagnosed by doctor: Emphysema/chronic bronchitis","Blood clot, DVT, bronchitis, emphysema, asthma, rhinitis, eczema, allergy diagnosed by doctor: Emphysema/chronic bronchitis ||  || ",TRUE,"igd"
"107","rs2293702","14","22001947",0.000174478,0.000276861,462013,0.53,0.452382,"T","C","Blood clot, DVT, bronchitis, emphysema, asthma, rhinitis, eczema, allergy diagnosed by doctor: Emphysema/chronic bronchitis || id:ukb-b-16207","ukb-b-16207","Blood clot, DVT, bronchitis, emphysema, asthma, rhinitis, eczema, allergy diagnosed by doctor: Emphysema/chronic bronchitis","Blood clot, DVT, bronchitis, emphysema, asthma, rhinitis, eczema, allergy diagnosed by doctor: Emphysema/chronic bronchitis ||  || ",TRUE,"igd"
"108","rs11880147","19","18042945",-0.00105213,0.00108854,462013,0.33,0.199041,"G","A","Blood clot, DVT, bronchitis, emphysema, asthma, rhinitis, eczema, allergy diagnosed by doctor: Hayfever, allergic rhinitis or eczema || id:ukb-b-17241","ukb-b-17241","Blood clot, DVT, bronchitis, emphysema, asthma, rhinitis, eczema, allergy diagnosed by doctor: Hayfever, allergic rhinitis or eczema","Blood clot, DVT, bronchitis, emphysema, asthma, rhinitis, eczema, allergy diagnosed by doctor: Hayfever, allergic rhinitis or eczema ||  || ",TRUE,"igd"
"109","rs12607607","18","39082090",0.00281491,0.00115334,462013,0.015,0.171603,"T","C","Blood clot, DVT, bronchitis, emphysema, asthma, rhinitis, eczema, allergy diagnosed by doctor: Hayfever, allergic rhinitis or eczema || id:ukb-b-17241","ukb-b-17241","Blood clot, DVT, bronchitis, emphysema, asthma, rhinitis, eczema, allergy diagnosed by doctor: Hayfever, allergic rhinitis or eczema","Blood clot, DVT, bronchitis, emphysema, asthma, rhinitis, eczema, allergy diagnosed by doctor: Hayfever, allergic rhinitis or eczema ||  || ",TRUE,"igd"
"110","rs7486170","12","92026382",0.000696139,0.00040127,462013,0.0830004,0.87062,"G","A","Blood clot, DVT, bronchitis, emphysema, asthma, rhinitis, eczema, allergy diagnosed by doctor: Emphysema/chronic bronchitis || id:ukb-b-16207","ukb-b-16207","Blood clot, DVT, bronchitis, emphysema, asthma, rhinitis, eczema, allergy diagnosed by doctor: Emphysema/chronic bronchitis","Blood clot, DVT, bronchitis, emphysema, asthma, rhinitis, eczema, allergy diagnosed by doctor: Emphysema/chronic bronchitis ||  || ",TRUE,"igd"
"111","rs2293702","14","22001947",0.00010347,0.000896346,462013,0.91,0.452382,"T","C","Blood clot, DVT, bronchitis, emphysema, asthma, rhinitis, eczema, allergy diagnosed by doctor: Hayfever, allergic rhinitis or eczema || id:ukb-b-17241","ukb-b-17241","Blood clot, DVT, bronchitis, emphysema, asthma, rhinitis, eczema, allergy diagnosed by doctor: Hayfever, allergic rhinitis or eczema","Blood clot, DVT, bronchitis, emphysema, asthma, rhinitis, eczema, allergy diagnosed by doctor: Hayfever, allergic rhinitis or eczema ||  || ",TRUE,"igd"
"112","rs12607607","18","39082090",0.000327865,0.000356219,462013,0.36,0.171603,"T","C","Blood clot, DVT, bronchitis, emphysema, asthma, rhinitis, eczema, allergy diagnosed by doctor: Emphysema/chronic bronchitis || id:ukb-b-16207","ukb-b-16207","Blood clot, DVT, bronchitis, emphysema, asthma, rhinitis, eczema, allergy diagnosed by doctor: Emphysema/chronic bronchitis","Blood clot, DVT, bronchitis, emphysema, asthma, rhinitis, eczema, allergy diagnosed by doctor: Emphysema/chronic bronchitis ||  || ",TRUE,"igd"
"113","rs2866194","4","101100658",-0.00074155,0.000723118,462013,0.31,0.693825,"A","G","Blood clot, DVT, bronchitis, emphysema, asthma, rhinitis, eczema, allergy diagnosed by doctor: Asthma || id:ukb-b-20296","ukb-b-20296","Blood clot, DVT, bronchitis, emphysema, asthma, rhinitis, eczema, allergy diagnosed by doctor: Asthma","Blood clot, DVT, bronchitis, emphysema, asthma, rhinitis, eczema, allergy diagnosed by doctor: Asthma ||  || ",TRUE,"igd"
"114","rs4901725","14","57142910",-0.000516769,0.000687211,462013,0.450001,0.636893,"T","C","Blood clot, DVT, bronchitis, emphysema, asthma, rhinitis, eczema, allergy diagnosed by doctor: Asthma || id:ukb-b-20296","ukb-b-20296","Blood clot, DVT, bronchitis, emphysema, asthma, rhinitis, eczema, allergy diagnosed by doctor: Asthma","Blood clot, DVT, bronchitis, emphysema, asthma, rhinitis, eczema, allergy diagnosed by doctor: Asthma ||  || ",TRUE,"igd"
"115","rs7486170","12","92026382",0.00110448,0.000987879,462013,0.26,0.87062,"G","A","Blood clot, DVT, bronchitis, emphysema, asthma, rhinitis, eczema, allergy diagnosed by doctor: Asthma || id:ukb-b-20296","ukb-b-20296","Blood clot, DVT, bronchitis, emphysema, asthma, rhinitis, eczema, allergy diagnosed by doctor: Asthma","Blood clot, DVT, bronchitis, emphysema, asthma, rhinitis, eczema, allergy diagnosed by doctor: Asthma ||  || ",TRUE,"igd"
"116","rs12607607","18","39082090",-0.00022194,0.000232938,462933,0.34,0.17161,"T","C","Non-cancer illness code, self-reported: allergy/hypersensitivity/anaphylaxis || id:ukb-b-9039","ukb-b-9039","Non-cancer illness code, self-reported: allergy/hypersensitivity/anaphylaxis","Non-cancer illness code, self-reported: allergy/hypersensitivity/anaphylaxis ||  || ",TRUE,"igd"
"117","rs4901725","14","57142910",-0.000236883,0.000128969,463010,0.0659994,0.636875,"T","C","Diagnoses - secondary ICD10: Z91.0 Personal history of allergy, other than to drugs and biological substances || id:ukb-b-16702","ukb-b-16702","Diagnoses - secondary ICD10: Z91.0 Personal history of allergy, other than to drugs and biological substances","Diagnoses - secondary ICD10: Z91.0 Personal history of allergy, other than to drugs and biological substances ||  || ",TRUE,"igd"
"118","rs498018","11","95024932",-0.00012182,0.000127292,463010,0.34,0.389543,"T","G","Diagnoses - secondary ICD10: Z91.0 Personal history of allergy, other than to drugs and biological substances || id:ukb-b-16702","ukb-b-16702","Diagnoses - secondary ICD10: Z91.0 Personal history of allergy, other than to drugs and biological substances","Diagnoses - secondary ICD10: Z91.0 Personal history of allergy, other than to drugs and biological substances ||  || ",TRUE,"igd"
"119","rs2866194","4","101100658",8.34629e-05,0.000135783,463010,0.54,0.693837,"A","G","Diagnoses - secondary ICD10: Z91.0 Personal history of allergy, other than to drugs and biological substances || id:ukb-b-16702","ukb-b-16702","Diagnoses - secondary ICD10: Z91.0 Personal history of allergy, other than to drugs and biological substances","Diagnoses - secondary ICD10: Z91.0 Personal history of allergy, other than to drugs and biological substances ||  || ",TRUE,"igd"
"120","rs1376235","1","106677373",-0.00019812,0.000323326,462933,0.54,0.099698,"G","C","Non-cancer illness code, self-reported: allergy or anaphylactic reaction to drug || id:ukb-b-10351","ukb-b-10351","Non-cancer illness code, self-reported: allergy or anaphylactic reaction to drug","Non-cancer illness code, self-reported: allergy or anaphylactic reaction to drug ||  || ",TRUE,"igd"
"121","rs1446585","2","136407479",-0.000169629,0.000220307,462933,0.44,0.244516,"G","A","Non-cancer illness code, self-reported: allergy or anaphylactic reaction to drug || id:ukb-b-10351","ukb-b-10351","Non-cancer illness code, self-reported: allergy or anaphylactic reaction to drug","Non-cancer illness code, self-reported: allergy or anaphylactic reaction to drug ||  || ",TRUE,"igd"
"122","rs7486170","12","92026382",-0.00047005,0.00028838,462933,0.1,0.870616,"G","A","Non-cancer illness code, self-reported: allergy or anaphylactic reaction to drug || id:ukb-b-10351","ukb-b-10351","Non-cancer illness code, self-reported: allergy or anaphylactic reaction to drug","Non-cancer illness code, self-reported: allergy or anaphylactic reaction to drug ||  || ",TRUE,"igd"
"123","rs730589","15","64194173",-0.000357033,0.000339781,463010,0.29,0.337969,"T","G","Diagnoses - secondary ICD10: Z88.0 Personal history of allergy to penicillin || id:ukb-b-5911","ukb-b-5911","Diagnoses - secondary ICD10: Z88.0 Personal history of allergy to penicillin","Diagnoses - secondary ICD10: Z88.0 Personal history of allergy to penicillin ||  || ",TRUE,"igd"
"124","rs4777927","15","94142630",0.000662784,0.000344025,463010,0.0539995,0.673352,"C","T","Diagnoses - secondary ICD10: Z88.0 Personal history of allergy to penicillin || id:ukb-b-5911","ukb-b-5911","Diagnoses - secondary ICD10: Z88.0 Personal history of allergy to penicillin","Diagnoses - secondary ICD10: Z88.0 Personal history of allergy to penicillin ||  || ",TRUE,"igd"
"125","rs11880147","19","18042945",8.85681e-05,0.000176829,463010,0.62,0.198979,"G","A","Diagnoses - secondary ICD10: Z88.1 Personal history of allergy to other antibiotic agents || id:ukb-b-9841","ukb-b-9841","Diagnoses - secondary ICD10: Z88.1 Personal history of allergy to other antibiotic agents","Diagnoses - secondary ICD10: Z88.1 Personal history of allergy to other antibiotic agents ||  || ",TRUE,"igd"
"126","rs4777927","15","94142630",0.000106902,0.000833314,336782,0.897923,0.673183,"C","T","Blood clot  DVT  bronchitis  emphysema  asthma  rhinitis  eczema  allergy diagnosed by doctor: Asthma || id:ukb-a-446","ukb-a-446","Blood clot  DVT  bronchitis  emphysema  asthma  rhinitis  eczema  allergy diagnosed by doctor: Asthma","Blood clot  DVT  bronchitis  emphysema  asthma  rhinitis  eczema  allergy diagnosed by doctor: Asthma ||  || ",TRUE,"igd"
"127","rs1376235","1","106677373",0.000587518,0.00172295,336782,0.733108,0.0989537,"G","C","Blood clot  DVT  bronchitis  emphysema  asthma  rhinitis  eczema  allergy diagnosed by doctor: Hayfever  allergic rhinitis or eczema || id:ukb-a-447","ukb-a-447","Blood clot  DVT  bronchitis  emphysema  asthma  rhinitis  eczema  allergy diagnosed by doctor: Hayfever  allergic rhinitis or eczema","Blood clot  DVT  bronchitis  emphysema  asthma  rhinitis  eczema  allergy diagnosed by doctor: Hayfever  allergic rhinitis or eczema ||  || ",TRUE,"igd"
"128","rs7486170","12","92026382",0.00123471,0.00152818,336782,0.419116,0.869764,"G","A","Blood clot  DVT  bronchitis  emphysema  asthma  rhinitis  eczema  allergy diagnosed by doctor: Hayfever  allergic rhinitis or eczema || id:ukb-a-447","ukb-a-447","Blood clot  DVT  bronchitis  emphysema  asthma  rhinitis  eczema  allergy diagnosed by doctor: Hayfever  allergic rhinitis or eczema","Blood clot  DVT  bronchitis  emphysema  asthma  rhinitis  eczema  allergy diagnosed by doctor: Hayfever  allergic rhinitis or eczema ||  || ",TRUE,"igd"
"129","rs730589","15","64194173",-0.000163966,0.00108481,336782,0.87986,0.340569,"T","G","Blood clot  DVT  bronchitis  emphysema  asthma  rhinitis  eczema  allergy diagnosed by doctor: Hayfever  allergic rhinitis or eczema || id:ukb-a-447","ukb-a-447","Blood clot  DVT  bronchitis  emphysema  asthma  rhinitis  eczema  allergy diagnosed by doctor: Hayfever  allergic rhinitis or eczema","Blood clot  DVT  bronchitis  emphysema  asthma  rhinitis  eczema  allergy diagnosed by doctor: Hayfever  allergic rhinitis or eczema ||  || ",TRUE,"igd"
"130","rs11831423","12","92050203",0.000278428,0.000342748,337159,0.416596,0.129817,"A","C","Non-cancer illness code  self-reported: allergy or anaphylactic reaction to drug || id:ukb-a-93","ukb-a-93","Non-cancer illness code  self-reported: allergy or anaphylactic reaction to drug","Non-cancer illness code  self-reported: allergy or anaphylactic reaction to drug ||  || ",TRUE,"igd"
"131","rs1446585","2","136407479",0.00252975,0.00093181,336782,0.0066304,0.228006,"G","A","Blood clot  DVT  bronchitis  emphysema  asthma  rhinitis  eczema  allergy diagnosed by doctor: Asthma || id:ukb-a-446","ukb-a-446","Blood clot  DVT  bronchitis  emphysema  asthma  rhinitis  eczema  allergy diagnosed by doctor: Asthma","Blood clot  DVT  bronchitis  emphysema  asthma  rhinitis  eczema  allergy diagnosed by doctor: Asthma ||  || ",TRUE,"igd"
"132","rs10055309","5","168430327",0.00282314,0.00165032,336782,0.0871445,0.0593314,"C","T","Blood clot  DVT  bronchitis  emphysema  asthma  rhinitis  eczema  allergy diagnosed by doctor: Asthma || id:ukb-a-446","ukb-a-446","Blood clot  DVT  bronchitis  emphysema  asthma  rhinitis  eczema  allergy diagnosed by doctor: Asthma","Blood clot  DVT  bronchitis  emphysema  asthma  rhinitis  eczema  allergy diagnosed by doctor: Asthma ||  || ",TRUE,"igd"
"133","rs10507725","13","66360155",0.00182784,0.00189369,336782,0.334433,0.083427,"A","C","Blood clot  DVT  bronchitis  emphysema  asthma  rhinitis  eczema  allergy diagnosed by doctor: Hayfever  allergic rhinitis or eczema || id:ukb-a-447","ukb-a-447","Blood clot  DVT  bronchitis  emphysema  asthma  rhinitis  eczema  allergy diagnosed by doctor: Hayfever  allergic rhinitis or eczema","Blood clot  DVT  bronchitis  emphysema  asthma  rhinitis  eczema  allergy diagnosed by doctor: Hayfever  allergic rhinitis or eczema ||  || ",TRUE,"igd"
"134","rs1376236","1","106677510",0.000566612,0.00172256,336782,0.742204,0.0990083,"C","A","Blood clot  DVT  bronchitis  emphysema  asthma  rhinitis  eczema  allergy diagnosed by doctor: Hayfever  allergic rhinitis or eczema || id:ukb-a-447","ukb-a-447","Blood clot  DVT  bronchitis  emphysema  asthma  rhinitis  eczema  allergy diagnosed by doctor: Hayfever  allergic rhinitis or eczema","Blood clot  DVT  bronchitis  emphysema  asthma  rhinitis  eczema  allergy diagnosed by doctor: Hayfever  allergic rhinitis or eczema ||  || ",TRUE,"igd"
"135","rs498018","11","95024932",0.000352467,0.000797531,336782,0.658528,0.388896,"T","G","Blood clot  DVT  bronchitis  emphysema  asthma  rhinitis  eczema  allergy diagnosed by doctor: Asthma || id:ukb-a-446","ukb-a-446","Blood clot  DVT  bronchitis  emphysema  asthma  rhinitis  eczema  allergy diagnosed by doctor: Asthma","Blood clot  DVT  bronchitis  emphysema  asthma  rhinitis  eczema  allergy diagnosed by doctor: Asthma ||  || ",TRUE,"igd"
"136","rs2293702","14","22001947",-0.000577657,0.000801944,336782,0.471328,0.453223,"T","C","Blood clot  DVT  bronchitis  emphysema  asthma  rhinitis  eczema  allergy diagnosed by doctor: Asthma || id:ukb-a-446","ukb-a-446","Blood clot  DVT  bronchitis  emphysema  asthma  rhinitis  eczema  allergy diagnosed by doctor: Asthma","Blood clot  DVT  bronchitis  emphysema  asthma  rhinitis  eczema  allergy diagnosed by doctor: Asthma ||  || ",TRUE,"igd"
"137","rs7486170","12","92026382",0.0025046,0.00115819,336782,0.0305788,0.869764,"G","A","Blood clot  DVT  bronchitis  emphysema  asthma  rhinitis  eczema  allergy diagnosed by doctor: Asthma || id:ukb-a-446","ukb-a-446","Blood clot  DVT  bronchitis  emphysema  asthma  rhinitis  eczema  allergy diagnosed by doctor: Asthma","Blood clot  DVT  bronchitis  emphysema  asthma  rhinitis  eczema  allergy diagnosed by doctor: Asthma ||  || ",TRUE,"igd"
"138","rs1446585","2","136407479",0.00245046,0.00122949,336782,0.0462541,0.228006,"G","A","Blood clot  DVT  bronchitis  emphysema  asthma  rhinitis  eczema  allergy diagnosed by doctor: Hayfever  allergic rhinitis or eczema || id:ukb-a-447","ukb-a-447","Blood clot  DVT  bronchitis  emphysema  asthma  rhinitis  eczema  allergy diagnosed by doctor: Hayfever  allergic rhinitis or eczema","Blood clot  DVT  bronchitis  emphysema  asthma  rhinitis  eczema  allergy diagnosed by doctor: Hayfever  allergic rhinitis or eczema ||  || ",TRUE,"igd"
"139","rs2866194","4","101100658",0.000516848,0.00112273,336782,0.645266,0.694231,"A","G","Blood clot  DVT  bronchitis  emphysema  asthma  rhinitis  eczema  allergy diagnosed by doctor: Hayfever  allergic rhinitis or eczema || id:ukb-a-447","ukb-a-447","Blood clot  DVT  bronchitis  emphysema  asthma  rhinitis  eczema  allergy diagnosed by doctor: Hayfever  allergic rhinitis or eczema","Blood clot  DVT  bronchitis  emphysema  asthma  rhinitis  eczema  allergy diagnosed by doctor: Hayfever  allergic rhinitis or eczema ||  || ",TRUE,"igd"
"140","rs1376235","1","106677373",0.000423613,0.000523108,336782,0.418055,0.0989537,"G","C","Blood clot  DVT  bronchitis  emphysema  asthma  rhinitis  eczema  allergy diagnosed by doctor: Emphysema/chronic bronchitis || id:ukb-a-444","ukb-a-444","Blood clot  DVT  bronchitis  emphysema  asthma  rhinitis  eczema  allergy diagnosed by doctor: Emphysema/chronic bronchitis","Blood clot  DVT  bronchitis  emphysema  asthma  rhinitis  eczema  allergy diagnosed by doctor: Emphysema/chronic bronchitis ||  || ",TRUE,"igd"
"141","rs1376236","1","106677510",0.000424468,0.000522987,336782,0.41701,0.0990083,"C","A","Blood clot  DVT  bronchitis  emphysema  asthma  rhinitis  eczema  allergy diagnosed by doctor: Emphysema/chronic bronchitis || id:ukb-a-444","ukb-a-444","Blood clot  DVT  bronchitis  emphysema  asthma  rhinitis  eczema  allergy diagnosed by doctor: Emphysema/chronic bronchitis","Blood clot  DVT  bronchitis  emphysema  asthma  rhinitis  eczema  allergy diagnosed by doctor: Emphysema/chronic bronchitis ||  || ",TRUE,"igd"
"142","rs1346183","4","37115329",-0.000130971,0.000495323,336782,0.79146,0.1116,"C","T","Blood clot  DVT  bronchitis  emphysema  asthma  rhinitis  eczema  allergy diagnosed by doctor: Emphysema/chronic bronchitis || id:ukb-a-444","ukb-a-444","Blood clot  DVT  bronchitis  emphysema  asthma  rhinitis  eczema  allergy diagnosed by doctor: Emphysema/chronic bronchitis","Blood clot  DVT  bronchitis  emphysema  asthma  rhinitis  eczema  allergy diagnosed by doctor: Emphysema/chronic bronchitis ||  || ",TRUE,"igd"
"143","rs10507725","13","66360155",-5.95647e-05,0.000574947,336782,0.917487,0.083427,"A","C","Blood clot  DVT  bronchitis  emphysema  asthma  rhinitis  eczema  allergy diagnosed by doctor: Emphysema/chronic bronchitis || id:ukb-a-444","ukb-a-444","Blood clot  DVT  bronchitis  emphysema  asthma  rhinitis  eczema  allergy diagnosed by doctor: Emphysema/chronic bronchitis","Blood clot  DVT  bronchitis  emphysema  asthma  rhinitis  eczema  allergy diagnosed by doctor: Emphysema/chronic bronchitis ||  || ",TRUE,"igd"
"144","rs2293702","14","22001947",0.000321718,0.00032126,336782,0.316621,0.453223,"T","C","Blood clot  DVT  bronchitis  emphysema  asthma  rhinitis  eczema  allergy diagnosed by doctor: Emphysema/chronic bronchitis || id:ukb-a-444","ukb-a-444","Blood clot  DVT  bronchitis  emphysema  asthma  rhinitis  eczema  allergy diagnosed by doctor: Emphysema/chronic bronchitis","Blood clot  DVT  bronchitis  emphysema  asthma  rhinitis  eczema  allergy diagnosed by doctor: Emphysema/chronic bronchitis ||  || ",TRUE,"igd"
"145","rs10055309","5","168430327",-2.40286e-05,0.000661122,336782,0.971007,0.0593314,"C","T","Blood clot  DVT  bronchitis  emphysema  asthma  rhinitis  eczema  allergy diagnosed by doctor: Emphysema/chronic bronchitis || id:ukb-a-444","ukb-a-444","Blood clot  DVT  bronchitis  emphysema  asthma  rhinitis  eczema  allergy diagnosed by doctor: Emphysema/chronic bronchitis","Blood clot  DVT  bronchitis  emphysema  asthma  rhinitis  eczema  allergy diagnosed by doctor: Emphysema/chronic bronchitis ||  || ",TRUE,"igd"
"146","rs11880147","19","18042945",0.000124325,0.00038897,336782,0.74925,0.200629,"G","A","Blood clot  DVT  bronchitis  emphysema  asthma  rhinitis  eczema  allergy diagnosed by doctor: Emphysema/chronic bronchitis || id:ukb-a-444","ukb-a-444","Blood clot  DVT  bronchitis  emphysema  asthma  rhinitis  eczema  allergy diagnosed by doctor: Emphysema/chronic bronchitis","Blood clot  DVT  bronchitis  emphysema  asthma  rhinitis  eczema  allergy diagnosed by doctor: Emphysema/chronic bronchitis ||  || ",TRUE,"igd"
"147","rs10055309","5","168430327",0.00022293,0.000488743,337159,0.648297,0.0593314,"C","T","Non-cancer illness code  self-reported: allergy or anaphylactic reaction to drug || id:ukb-a-93","ukb-a-93","Non-cancer illness code  self-reported: allergy or anaphylactic reaction to drug","Non-cancer illness code  self-reported: allergy or anaphylactic reaction to drug ||  || ",TRUE,"igd"
"148","rs4777927","15","94142630",-1.7991e-05,0.000333827,336782,0.95702,0.673183,"C","T","Blood clot  DVT  bronchitis  emphysema  asthma  rhinitis  eczema  allergy diagnosed by doctor: Emphysema/chronic bronchitis || id:ukb-a-444","ukb-a-444","Blood clot  DVT  bronchitis  emphysema  asthma  rhinitis  eczema  allergy diagnosed by doctor: Emphysema/chronic bronchitis","Blood clot  DVT  bronchitis  emphysema  asthma  rhinitis  eczema  allergy diagnosed by doctor: Emphysema/chronic bronchitis ||  || ",TRUE,"igd"
"149","rs7486170","12","92026382",-0.000317491,0.000342938,337159,0.354552,0.869764,"G","A","Non-cancer illness code  self-reported: allergy or anaphylactic reaction to drug || id:ukb-a-93","ukb-a-93","Non-cancer illness code  self-reported: allergy or anaphylactic reaction to drug","Non-cancer illness code  self-reported: allergy or anaphylactic reaction to drug ||  || ",TRUE,"igd"
"150","rs2293702","14","22001947",0.000107438,0.000237461,337159,0.650948,0.453223,"T","C","Non-cancer illness code  self-reported: allergy or anaphylactic reaction to drug || id:ukb-a-93","ukb-a-93","Non-cancer illness code  self-reported: allergy or anaphylactic reaction to drug","Non-cancer illness code  self-reported: allergy or anaphylactic reaction to drug ||  || ",TRUE,"igd"
"151","rs4901725","14","57142910",-0.000219924,0.000239725,337159,0.358932,0.638964,"T","C","Non-cancer illness code  self-reported: allergy or anaphylactic reaction to drug || id:ukb-a-93","ukb-a-93","Non-cancer illness code  self-reported: allergy or anaphylactic reaction to drug","Non-cancer illness code  self-reported: allergy or anaphylactic reaction to drug ||  || ",TRUE,"igd"
"152","rs4777927","15","94142630",7.33187e-05,0.000246741,337159,0.766353,0.673183,"C","T","Non-cancer illness code  self-reported: allergy or anaphylactic reaction to drug || id:ukb-a-93","ukb-a-93","Non-cancer illness code  self-reported: allergy or anaphylactic reaction to drug","Non-cancer illness code  self-reported: allergy or anaphylactic reaction to drug ||  || ",TRUE,"igd"
"153","rs730589","15","64194173",-4.15951e-05,0.000243443,337159,0.864333,0.340569,"T","G","Non-cancer illness code  self-reported: allergy or anaphylactic reaction to drug || id:ukb-a-93","ukb-a-93","Non-cancer illness code  self-reported: allergy or anaphylactic reaction to drug","Non-cancer illness code  self-reported: allergy or anaphylactic reaction to drug ||  || ",TRUE,"igd"
"154","rs1376235","1","106677373",-0.000419897,0.000386647,337159,0.277481,0.0989537,"G","C","Non-cancer illness code  self-reported: allergy or anaphylactic reaction to drug || id:ukb-a-93","ukb-a-93","Non-cancer illness code  self-reported: allergy or anaphylactic reaction to drug","Non-cancer illness code  self-reported: allergy or anaphylactic reaction to drug ||  || ",TRUE,"igd"
"155","rs1346183","4","37115329",0.000666857,0.000366112,337159,0.0685378,0.1116,"C","T","Non-cancer illness code  self-reported: allergy or anaphylactic reaction to drug || id:ukb-a-93","ukb-a-93","Non-cancer illness code  self-reported: allergy or anaphylactic reaction to drug","Non-cancer illness code  self-reported: allergy or anaphylactic reaction to drug ||  || ",TRUE,"igd"
"156","rs498018","11","95024932",-5.82021e-05,0.000236156,337159,0.805329,0.388896,"T","G","Non-cancer illness code  self-reported: allergy or anaphylactic reaction to drug || id:ukb-a-93","ukb-a-93","Non-cancer illness code  self-reported: allergy or anaphylactic reaction to drug","Non-cancer illness code  self-reported: allergy or anaphylactic reaction to drug ||  || ",TRUE,"igd"
"157","rs12607607","18","39082090",-0.000319894,0.000305049,337159,0.294333,0.171632,"T","C","Non-cancer illness code  self-reported: allergy or anaphylactic reaction to drug || id:ukb-a-93","ukb-a-93","Non-cancer illness code  self-reported: allergy or anaphylactic reaction to drug","Non-cancer illness code  self-reported: allergy or anaphylactic reaction to drug ||  || ",TRUE,"igd"
"158","rs1346183","4","37115329",-0.000333363,0.00123645,336782,0.787457,0.1116,"C","T","Blood clot  DVT  bronchitis  emphysema  asthma  rhinitis  eczema  allergy diagnosed by doctor: Asthma || id:ukb-a-446","ukb-a-446","Blood clot  DVT  bronchitis  emphysema  asthma  rhinitis  eczema  allergy diagnosed by doctor: Asthma","Blood clot  DVT  bronchitis  emphysema  asthma  rhinitis  eczema  allergy diagnosed by doctor: Asthma ||  || ",TRUE,"igd"
"159","rs4901725","14","57142910",-0.000609482,0.000809632,336782,0.451577,0.638964,"T","C","Blood clot  DVT  bronchitis  emphysema  asthma  rhinitis  eczema  allergy diagnosed by doctor: Asthma || id:ukb-a-446","ukb-a-446","Blood clot  DVT  bronchitis  emphysema  asthma  rhinitis  eczema  allergy diagnosed by doctor: Asthma","Blood clot  DVT  bronchitis  emphysema  asthma  rhinitis  eczema  allergy diagnosed by doctor: Asthma ||  || ",TRUE,"igd"
"160","rs730589","15","64194173",-0.00227431,0.000822157,336782,0.00567048,0.340569,"T","G","Blood clot  DVT  bronchitis  emphysema  asthma  rhinitis  eczema  allergy diagnosed by doctor: Asthma || id:ukb-a-446","ukb-a-446","Blood clot  DVT  bronchitis  emphysema  asthma  rhinitis  eczema  allergy diagnosed by doctor: Asthma","Blood clot  DVT  bronchitis  emphysema  asthma  rhinitis  eczema  allergy diagnosed by doctor: Asthma ||  || ",TRUE,"igd"
"161","rs10233359","7","113328435",-0.00437405,0.00188474,336782,0.0202997,0.0809018,"A","G","Blood clot  DVT  bronchitis  emphysema  asthma  rhinitis  eczema  allergy diagnosed by doctor: Hayfever  allergic rhinitis or eczema || id:ukb-a-447","ukb-a-447","Blood clot  DVT  bronchitis  emphysema  asthma  rhinitis  eczema  allergy diagnosed by doctor: Hayfever  allergic rhinitis or eczema","Blood clot  DVT  bronchitis  emphysema  asthma  rhinitis  eczema  allergy diagnosed by doctor: Hayfever  allergic rhinitis or eczema ||  || ",TRUE,"igd"
"162","rs11831423","12","92050203",-0.00116005,0.00152734,336782,0.447541,0.129817,"A","C","Blood clot  DVT  bronchitis  emphysema  asthma  rhinitis  eczema  allergy diagnosed by doctor: Hayfever  allergic rhinitis or eczema || id:ukb-a-447","ukb-a-447","Blood clot  DVT  bronchitis  emphysema  asthma  rhinitis  eczema  allergy diagnosed by doctor: Hayfever  allergic rhinitis or eczema","Blood clot  DVT  bronchitis  emphysema  asthma  rhinitis  eczema  allergy diagnosed by doctor: Hayfever  allergic rhinitis or eczema ||  || ",TRUE,"igd"
"163","rs2293702","14","22001947",-0.000655728,0.00105813,336782,0.535453,0.453223,"T","C","Blood clot  DVT  bronchitis  emphysema  asthma  rhinitis  eczema  allergy diagnosed by doctor: Hayfever  allergic rhinitis or eczema || id:ukb-a-447","ukb-a-447","Blood clot  DVT  bronchitis  emphysema  asthma  rhinitis  eczema  allergy diagnosed by doctor: Hayfever  allergic rhinitis or eczema","Blood clot  DVT  bronchitis  emphysema  asthma  rhinitis  eczema  allergy diagnosed by doctor: Hayfever  allergic rhinitis or eczema ||  || ",TRUE,"igd"
"164","rs498018","11","95024932",-0.000111461,0.000319492,336782,0.727188,0.388896,"T","G","Blood clot  DVT  bronchitis  emphysema  asthma  rhinitis  eczema  allergy diagnosed by doctor: Emphysema/chronic bronchitis || id:ukb-a-444","ukb-a-444","Blood clot  DVT  bronchitis  emphysema  asthma  rhinitis  eczema  allergy diagnosed by doctor: Emphysema/chronic bronchitis","Blood clot  DVT  bronchitis  emphysema  asthma  rhinitis  eczema  allergy diagnosed by doctor: Emphysema/chronic bronchitis ||  || ",TRUE,"igd"
"165","rs730589","15","64194173",2.2176e-05,0.000329361,336782,0.946319,0.340569,"T","G","Blood clot  DVT  bronchitis  emphysema  asthma  rhinitis  eczema  allergy diagnosed by doctor: Emphysema/chronic bronchitis || id:ukb-a-444","ukb-a-444","Blood clot  DVT  bronchitis  emphysema  asthma  rhinitis  eczema  allergy diagnosed by doctor: Emphysema/chronic bronchitis","Blood clot  DVT  bronchitis  emphysema  asthma  rhinitis  eczema  allergy diagnosed by doctor: Emphysema/chronic bronchitis ||  || ",TRUE,"igd"
"166","rs1446585","2","136407479",-1.37221e-05,0.000275891,337159,0.960332,0.228006,"G","A","Non-cancer illness code  self-reported: allergy or anaphylactic reaction to drug || id:ukb-a-93","ukb-a-93","Non-cancer illness code  self-reported: allergy or anaphylactic reaction to drug","Non-cancer illness code  self-reported: allergy or anaphylactic reaction to drug ||  || ",TRUE,"igd"
"167","rs2866194","4","101100658",0.000348848,0.000340873,336782,0.306122,0.694231,"A","G","Blood clot  DVT  bronchitis  emphysema  asthma  rhinitis  eczema  allergy diagnosed by doctor: Emphysema/chronic bronchitis || id:ukb-a-444","ukb-a-444","Blood clot  DVT  bronchitis  emphysema  asthma  rhinitis  eczema  allergy diagnosed by doctor: Emphysema/chronic bronchitis","Blood clot  DVT  bronchitis  emphysema  asthma  rhinitis  eczema  allergy diagnosed by doctor: Emphysema/chronic bronchitis ||  || ",TRUE,"igd"
"168","rs1446585","2","136407479",0.000545388,0.000373287,336782,0.144005,0.228006,"G","A","Blood clot  DVT  bronchitis  emphysema  asthma  rhinitis  eczema  allergy diagnosed by doctor: Emphysema/chronic bronchitis || id:ukb-a-444","ukb-a-444","Blood clot  DVT  bronchitis  emphysema  asthma  rhinitis  eczema  allergy diagnosed by doctor: Emphysema/chronic bronchitis","Blood clot  DVT  bronchitis  emphysema  asthma  rhinitis  eczema  allergy diagnosed by doctor: Emphysema/chronic bronchitis ||  || ",TRUE,"igd"
"169","rs10233359","7","113328435",0.000494295,0.000422977,337159,0.242562,0.0809018,"A","G","Non-cancer illness code  self-reported: allergy or anaphylactic reaction to drug || id:ukb-a-93","ukb-a-93","Non-cancer illness code  self-reported: allergy or anaphylactic reaction to drug","Non-cancer illness code  self-reported: allergy or anaphylactic reaction to drug ||  || ",TRUE,"igd"
"170","rs508259","9","14437476",0.000631854,0.000380364,337159,0.0966785,0.895568,"T","C","Non-cancer illness code  self-reported: allergy or anaphylactic reaction to drug || id:ukb-a-93","ukb-a-93","Non-cancer illness code  self-reported: allergy or anaphylactic reaction to drug","Non-cancer illness code  self-reported: allergy or anaphylactic reaction to drug ||  || ",TRUE,"igd"
"171","rs2866194","4","101100658",0.00042549,0.000251948,337159,0.0912578,0.694231,"A","G","Non-cancer illness code  self-reported: allergy or anaphylactic reaction to drug || id:ukb-a-93","ukb-a-93","Non-cancer illness code  self-reported: allergy or anaphylactic reaction to drug","Non-cancer illness code  self-reported: allergy or anaphylactic reaction to drug ||  || ",TRUE,"igd"
"172","rs11880147","19","18042945",3.92813e-05,0.000287509,337159,0.891327,0.200629,"G","A","Non-cancer illness code  self-reported: allergy or anaphylactic reaction to drug || id:ukb-a-93","ukb-a-93","Non-cancer illness code  self-reported: allergy or anaphylactic reaction to drug","Non-cancer illness code  self-reported: allergy or anaphylactic reaction to drug ||  || ",TRUE,"igd"
"173","rs508259","9","14437476",0.000469923,0.0012847,336782,0.714528,0.895568,"T","C","Blood clot  DVT  bronchitis  emphysema  asthma  rhinitis  eczema  allergy diagnosed by doctor: Asthma || id:ukb-a-446","ukb-a-446","Blood clot  DVT  bronchitis  emphysema  asthma  rhinitis  eczema  allergy diagnosed by doctor: Asthma","Blood clot  DVT  bronchitis  emphysema  asthma  rhinitis  eczema  allergy diagnosed by doctor: Asthma ||  || ",TRUE,"igd"
"174","rs2866194","4","101100658",-0.000523789,0.000850904,336782,0.538181,0.694231,"A","G","Blood clot  DVT  bronchitis  emphysema  asthma  rhinitis  eczema  allergy diagnosed by doctor: Asthma || id:ukb-a-446","ukb-a-446","Blood clot  DVT  bronchitis  emphysema  asthma  rhinitis  eczema  allergy diagnosed by doctor: Asthma","Blood clot  DVT  bronchitis  emphysema  asthma  rhinitis  eczema  allergy diagnosed by doctor: Asthma ||  || ",TRUE,"igd"
"175","rs10055309","5","168430327",-0.00310963,0.00217752,336782,0.153276,0.0593314,"C","T","Blood clot  DVT  bronchitis  emphysema  asthma  rhinitis  eczema  allergy diagnosed by doctor: Hayfever  allergic rhinitis or eczema || id:ukb-a-447","ukb-a-447","Blood clot  DVT  bronchitis  emphysema  asthma  rhinitis  eczema  allergy diagnosed by doctor: Hayfever  allergic rhinitis or eczema","Blood clot  DVT  bronchitis  emphysema  asthma  rhinitis  eczema  allergy diagnosed by doctor: Hayfever  allergic rhinitis or eczema ||  || ",TRUE,"igd"
"176","rs11880147","19","18042945",-2.77931e-06,0.000970965,336782,0.997716,0.200629,"G","A","Blood clot  DVT  bronchitis  emphysema  asthma  rhinitis  eczema  allergy diagnosed by doctor: Asthma || id:ukb-a-446","ukb-a-446","Blood clot  DVT  bronchitis  emphysema  asthma  rhinitis  eczema  allergy diagnosed by doctor: Asthma","Blood clot  DVT  bronchitis  emphysema  asthma  rhinitis  eczema  allergy diagnosed by doctor: Asthma ||  || ",TRUE,"igd"
"177","rs10233359","7","113328435",-0.00179098,0.00142843,336782,0.209912,0.0809018,"A","G","Blood clot  DVT  bronchitis  emphysema  asthma  rhinitis  eczema  allergy diagnosed by doctor: Asthma || id:ukb-a-446","ukb-a-446","Blood clot  DVT  bronchitis  emphysema  asthma  rhinitis  eczema  allergy diagnosed by doctor: Asthma","Blood clot  DVT  bronchitis  emphysema  asthma  rhinitis  eczema  allergy diagnosed by doctor: Asthma ||  || ",TRUE,"igd"
"178","rs508259","9","14437476",-0.00161353,0.00169511,336782,0.341161,0.895568,"T","C","Blood clot  DVT  bronchitis  emphysema  asthma  rhinitis  eczema  allergy diagnosed by doctor: Hayfever  allergic rhinitis or eczema || id:ukb-a-447","ukb-a-447","Blood clot  DVT  bronchitis  emphysema  asthma  rhinitis  eczema  allergy diagnosed by doctor: Hayfever  allergic rhinitis or eczema","Blood clot  DVT  bronchitis  emphysema  asthma  rhinitis  eczema  allergy diagnosed by doctor: Hayfever  allergic rhinitis or eczema ||  || ",TRUE,"igd"
"179","rs10233359","7","113328435",-0.00105898,0.00057223,336782,0.0642259,0.0809018,"A","G","Blood clot  DVT  bronchitis  emphysema  asthma  rhinitis  eczema  allergy diagnosed by doctor: Emphysema/chronic bronchitis || id:ukb-a-444","ukb-a-444","Blood clot  DVT  bronchitis  emphysema  asthma  rhinitis  eczema  allergy diagnosed by doctor: Emphysema/chronic bronchitis","Blood clot  DVT  bronchitis  emphysema  asthma  rhinitis  eczema  allergy diagnosed by doctor: Emphysema/chronic bronchitis ||  || ",TRUE,"igd"
"180","rs508259","9","14437476",-0.000255886,0.000514655,336782,0.619048,0.895568,"T","C","Blood clot  DVT  bronchitis  emphysema  asthma  rhinitis  eczema  allergy diagnosed by doctor: Emphysema/chronic bronchitis || id:ukb-a-444","ukb-a-444","Blood clot  DVT  bronchitis  emphysema  asthma  rhinitis  eczema  allergy diagnosed by doctor: Emphysema/chronic bronchitis","Blood clot  DVT  bronchitis  emphysema  asthma  rhinitis  eczema  allergy diagnosed by doctor: Emphysema/chronic bronchitis ||  || ",TRUE,"igd"
"181","rs1376235","1","106677373",0.00146563,0.0013058,336782,0.261693,0.0989537,"G","C","Blood clot  DVT  bronchitis  emphysema  asthma  rhinitis  eczema  allergy diagnosed by doctor: Asthma || id:ukb-a-446","ukb-a-446","Blood clot  DVT  bronchitis  emphysema  asthma  rhinitis  eczema  allergy diagnosed by doctor: Asthma","Blood clot  DVT  bronchitis  emphysema  asthma  rhinitis  eczema  allergy diagnosed by doctor: Asthma ||  || ",TRUE,"igd"
"182","rs1376236","1","106677510",0.00144104,0.0013055,336782,0.269672,0.0990083,"C","A","Blood clot  DVT  bronchitis  emphysema  asthma  rhinitis  eczema  allergy diagnosed by doctor: Asthma || id:ukb-a-446","ukb-a-446","Blood clot  DVT  bronchitis  emphysema  asthma  rhinitis  eczema  allergy diagnosed by doctor: Asthma","Blood clot  DVT  bronchitis  emphysema  asthma  rhinitis  eczema  allergy diagnosed by doctor: Asthma ||  || ",TRUE,"igd"
"183","rs12607607","18","39082090",0.000514606,0.00103024,336782,0.617428,0.171632,"T","C","Blood clot  DVT  bronchitis  emphysema  asthma  rhinitis  eczema  allergy diagnosed by doctor: Asthma || id:ukb-a-446","ukb-a-446","Blood clot  DVT  bronchitis  emphysema  asthma  rhinitis  eczema  allergy diagnosed by doctor: Asthma","Blood clot  DVT  bronchitis  emphysema  asthma  rhinitis  eczema  allergy diagnosed by doctor: Asthma ||  || ",TRUE,"igd"
"184","rs11831423","12","92050203",-0.00258224,0.00115755,336782,0.0256963,0.129817,"A","C","Blood clot  DVT  bronchitis  emphysema  asthma  rhinitis  eczema  allergy diagnosed by doctor: Asthma || id:ukb-a-446","ukb-a-446","Blood clot  DVT  bronchitis  emphysema  asthma  rhinitis  eczema  allergy diagnosed by doctor: Asthma","Blood clot  DVT  bronchitis  emphysema  asthma  rhinitis  eczema  allergy diagnosed by doctor: Asthma ||  || ",TRUE,"igd"
"185","rs4777927","15","94142630",-0.000175187,0.00109952,336782,0.873409,0.673183,"C","T","Blood clot  DVT  bronchitis  emphysema  asthma  rhinitis  eczema  allergy diagnosed by doctor: Hayfever  allergic rhinitis or eczema || id:ukb-a-447","ukb-a-447","Blood clot  DVT  bronchitis  emphysema  asthma  rhinitis  eczema  allergy diagnosed by doctor: Hayfever  allergic rhinitis or eczema","Blood clot  DVT  bronchitis  emphysema  asthma  rhinitis  eczema  allergy diagnosed by doctor: Hayfever  allergic rhinitis or eczema ||  || ",TRUE,"igd"
"186","rs4901725","14","57142910",6.24685e-05,0.00106827,336782,0.953369,0.638964,"T","C","Blood clot  DVT  bronchitis  emphysema  asthma  rhinitis  eczema  allergy diagnosed by doctor: Hayfever  allergic rhinitis or eczema || id:ukb-a-447","ukb-a-447","Blood clot  DVT  bronchitis  emphysema  asthma  rhinitis  eczema  allergy diagnosed by doctor: Hayfever  allergic rhinitis or eczema","Blood clot  DVT  bronchitis  emphysema  asthma  rhinitis  eczema  allergy diagnosed by doctor: Hayfever  allergic rhinitis or eczema ||  || ",TRUE,"igd"
"187","rs10507725","13","66360155",0.00220378,0.0014352,336782,0.124658,0.083427,"A","C","Blood clot  DVT  bronchitis  emphysema  asthma  rhinitis  eczema  allergy diagnosed by doctor: Asthma || id:ukb-a-446","ukb-a-446","Blood clot  DVT  bronchitis  emphysema  asthma  rhinitis  eczema  allergy diagnosed by doctor: Asthma","Blood clot  DVT  bronchitis  emphysema  asthma  rhinitis  eczema  allergy diagnosed by doctor: Asthma ||  || ",TRUE,"igd"
"188","rs498018","11","95024932",0.00156412,0.0010523,336782,0.13718,0.388896,"T","G","Blood clot  DVT  bronchitis  emphysema  asthma  rhinitis  eczema  allergy diagnosed by doctor: Hayfever  allergic rhinitis or eczema || id:ukb-a-447","ukb-a-447","Blood clot  DVT  bronchitis  emphysema  asthma  rhinitis  eczema  allergy diagnosed by doctor: Hayfever  allergic rhinitis or eczema","Blood clot  DVT  bronchitis  emphysema  asthma  rhinitis  eczema  allergy diagnosed by doctor: Hayfever  allergic rhinitis or eczema ||  || ",TRUE,"igd"
"189","rs1346183","4","37115329",-8.82976e-05,0.00163144,336782,0.956837,0.1116,"C","T","Blood clot  DVT  bronchitis  emphysema  asthma  rhinitis  eczema  allergy diagnosed by doctor: Hayfever  allergic rhinitis or eczema || id:ukb-a-447","ukb-a-447","Blood clot  DVT  bronchitis  emphysema  asthma  rhinitis  eczema  allergy diagnosed by doctor: Hayfever  allergic rhinitis or eczema","Blood clot  DVT  bronchitis  emphysema  asthma  rhinitis  eczema  allergy diagnosed by doctor: Hayfever  allergic rhinitis or eczema ||  || ",TRUE,"igd"
"190","rs12607607","18","39082090",0.00173375,0.00135935,336782,0.202161,0.171632,"T","C","Blood clot  DVT  bronchitis  emphysema  asthma  rhinitis  eczema  allergy diagnosed by doctor: Hayfever  allergic rhinitis or eczema || id:ukb-a-447","ukb-a-447","Blood clot  DVT  bronchitis  emphysema  asthma  rhinitis  eczema  allergy diagnosed by doctor: Hayfever  allergic rhinitis or eczema","Blood clot  DVT  bronchitis  emphysema  asthma  rhinitis  eczema  allergy diagnosed by doctor: Hayfever  allergic rhinitis or eczema ||  || ",TRUE,"igd"
"191","rs11880147","19","18042945",-0.00264938,0.00128114,336782,0.038642,0.200629,"G","A","Blood clot  DVT  bronchitis  emphysema  asthma  rhinitis  eczema  allergy diagnosed by doctor: Hayfever  allergic rhinitis or eczema || id:ukb-a-447","ukb-a-447","Blood clot  DVT  bronchitis  emphysema  asthma  rhinitis  eczema  allergy diagnosed by doctor: Hayfever  allergic rhinitis or eczema","Blood clot  DVT  bronchitis  emphysema  asthma  rhinitis  eczema  allergy diagnosed by doctor: Hayfever  allergic rhinitis or eczema ||  || ",TRUE,"igd"
"192","rs12607607","18","39082090",0.00042972,0.000412716,336782,0.297783,0.171632,"T","C","Blood clot  DVT  bronchitis  emphysema  asthma  rhinitis  eczema  allergy diagnosed by doctor: Emphysema/chronic bronchitis || id:ukb-a-444","ukb-a-444","Blood clot  DVT  bronchitis  emphysema  asthma  rhinitis  eczema  allergy diagnosed by doctor: Emphysema/chronic bronchitis","Blood clot  DVT  bronchitis  emphysema  asthma  rhinitis  eczema  allergy diagnosed by doctor: Emphysema/chronic bronchitis ||  || ",TRUE,"igd"
"193","rs7486170","12","92026382",0.000747214,0.000463973,336782,0.107297,0.869764,"G","A","Blood clot  DVT  bronchitis  emphysema  asthma  rhinitis  eczema  allergy diagnosed by doctor: Emphysema/chronic bronchitis || id:ukb-a-444","ukb-a-444","Blood clot  DVT  bronchitis  emphysema  asthma  rhinitis  eczema  allergy diagnosed by doctor: Emphysema/chronic bronchitis","Blood clot  DVT  bronchitis  emphysema  asthma  rhinitis  eczema  allergy diagnosed by doctor: Emphysema/chronic bronchitis ||  || ",TRUE,"igd"
"194","rs11831423","12","92050203",-0.000737486,0.000463718,336782,0.111751,0.129817,"A","C","Blood clot  DVT  bronchitis  emphysema  asthma  rhinitis  eczema  allergy diagnosed by doctor: Emphysema/chronic bronchitis || id:ukb-a-444","ukb-a-444","Blood clot  DVT  bronchitis  emphysema  asthma  rhinitis  eczema  allergy diagnosed by doctor: Emphysema/chronic bronchitis","Blood clot  DVT  bronchitis  emphysema  asthma  rhinitis  eczema  allergy diagnosed by doctor: Emphysema/chronic bronchitis ||  || ",TRUE,"igd"
"195","rs4901725","14","57142910",-0.000460412,0.000324339,336782,0.155743,0.638964,"T","C","Blood clot  DVT  bronchitis  emphysema  asthma  rhinitis  eczema  allergy diagnosed by doctor: Emphysema/chronic bronchitis || id:ukb-a-444","ukb-a-444","Blood clot  DVT  bronchitis  emphysema  asthma  rhinitis  eczema  allergy diagnosed by doctor: Emphysema/chronic bronchitis","Blood clot  DVT  bronchitis  emphysema  asthma  rhinitis  eczema  allergy diagnosed by doctor: Emphysema/chronic bronchitis ||  || ",TRUE,"igd"
"196","rs1376236","1","106677510",-0.000422134,0.000386558,337159,0.274819,0.0990083,"C","A","Non-cancer illness code  self-reported: allergy or anaphylactic reaction to drug || id:ukb-a-93","ukb-a-93","Non-cancer illness code  self-reported: allergy or anaphylactic reaction to drug","Non-cancer illness code  self-reported: allergy or anaphylactic reaction to drug ||  || ",TRUE,"igd"
"197","rs10507725","13","66360155",6.20703e-05,0.000424982,337159,0.883879,0.083427,"A","C","Non-cancer illness code  self-reported: allergy or anaphylactic reaction to drug || id:ukb-a-93","ukb-a-93","Non-cancer illness code  self-reported: allergy or anaphylactic reaction to drug","Non-cancer illness code  self-reported: allergy or anaphylactic reaction to drug ||  || ",TRUE,"igd"
"198","rs1446585","2","136407479",-0.00959791,0.0226596,26355,0.671884,0.332014,"G","A","Eczema || id:ieu-a-996","ieu-a-996","Eczema","Eczema ||  || ",TRUE,"igd"
"199","rs730589","15","64194173",-0.0071072,0.0188943,34869,0.706814,0.346936,"T","G","Eczema || id:ieu-a-996","ieu-a-996","Eczema","Eczema ||  || ",TRUE,"igd"
"200","rs11831423","12","92050203",-0.0232154,0.0262277,37238,0.376075,0.135005,"A","C","Eczema || id:ieu-a-996","ieu-a-996","Eczema","Eczema ||  || ",TRUE,"igd"
"201","rs4901725","14","57142910",0.0279488,0.017359,40530,0.107375,0.606409,"T","C","Eczema || id:ieu-a-996","ieu-a-996","Eczema","Eczema ||  || ",TRUE,"igd"
"202","rs2293702","14","22001947",-0.0190768,0.0168883,40530,0.258635,0.459353,"T","C","Eczema || id:ieu-a-996","ieu-a-996","Eczema","Eczema ||  || ",TRUE,"igd"
"203","rs12607607","18","39082090",0.0054362,0.0226517,40530,0.810333,0.164831,"T","C","Eczema || id:ieu-a-996","ieu-a-996","Eczema","Eczema ||  || ",TRUE,"igd"
"204","rs508259","9","14437476",-0.00272571,0.0278831,37238,0.922107,0.814789,"T","C","Eczema || id:ieu-a-996","ieu-a-996","Eczema","Eczema ||  || ",TRUE,"igd"
"205","rs10055309","5","168430327",-0.0222057,0.0346846,40835,0.522047,0.061481,"C","T","Eczema || id:ieu-a-996","ieu-a-996","Eczema","Eczema ||  || ",TRUE,"igd"
"206","rs2866194","4","101100658",-0.0098544,0.0184541,40835,0.593366,0.651306,"A","G","Eczema || id:ieu-a-996","ieu-a-996","Eczema","Eczema ||  || ",TRUE,"igd"
"207","rs1346183","4","37115329",-0.0170536,0.0272341,36933,0.531207,0.117939,"C","T","Eczema || id:ieu-a-996","ieu-a-996","Eczema","Eczema ||  || ",TRUE,"igd"
"208","rs10507725","13","66360155",0.0282307,0.0317493,34868,0.373903,0.089641,"A","C","Eczema || id:ieu-a-996","ieu-a-996","Eczema","Eczema ||  || ",TRUE,"igd"
"209","rs7486170","12","92026382",0.0261793,0.0259979,36933,0.313927,0.800652,"G","A","Eczema || id:ieu-a-996","ieu-a-996","Eczema","Eczema ||  || ",TRUE,"igd"
"210","rs1376236","1","106677510",0.0737011,0.0275194,40531,0.00741908,0.102323,"C","A","Eczema || id:ieu-a-996","ieu-a-996","Eczema","Eczema ||  || ",TRUE,"igd"
"211","rs11880147","19","18042945",-0.0354251,0.0214075,38477,0.0979603,0.203159,"G","A","Eczema || id:ieu-a-996","ieu-a-996","Eczema","Eczema ||  || ",TRUE,"igd"
"212","rs4777927","15","94142630",0.0131719,0.0178863,40835,0.461478,0.653775,"C","T","Eczema || id:ieu-a-996","ieu-a-996","Eczema","Eczema ||  || ",TRUE,"igd"
"213","rs10233359","7","113328435",0.0196909,0.0292667,40530,0.501076,0.089096,"A","G","Eczema || id:ieu-a-996","ieu-a-996","Eczema","Eczema ||  || ",TRUE,"igd"
"214","rs1376235","1","106677373",0.0708694,0.0275693,40530,0.0101721,0.101579,"G","C","Eczema || id:ieu-a-996","ieu-a-996","Eczema","Eczema ||  || ",TRUE,"igd"
"215","rs498018","11","95024932",0.030601,0.0172349,40531,0.0758176,0.394965,"T","G","Eczema || id:ieu-a-996","ieu-a-996","Eczema","Eczema ||  || ",TRUE,"igd"
